const uint8_t inconsolata_bold48pt7bBitmaps[] PROGMEM = {
  0x00, 0x07, 0xC0, 0x3F, 0xE0, 0x7F, 0xE1, 0xFF, 0xC3, 0xFF, 0xCF, 0xFF,
  0x9F, 0xFF, 0x3F, 0xFE, 0x7F, 0xFC, 0xFF, 0xF9, 0xFF, 0xF3, 0xFF, 0xE7,
  0xFF, 0xCF, 0xFF, 0x8F, 0xFF, 0x1F, 0xFE, 0x3F, 0xFC, 0x7F, 0xF8, 0xFF,
  0xF1, 0xFF, 0xC3, 0xFF, 0x87, 0xFF, 0x0F, 0xFE, 0x1F, 0xFC, 0x3F, 0xF8,
  0x7F, 0xF0, 0xFF, 0xE1, 0xFF, 0xC3, 0xFF, 0x83, 0xFF, 0x07, 0xFE, 0x0F,
  0xFC, 0x1F, 0xF8, 0x3F, 0xF0, 0x7F, 0xE0, 0xFF, 0x81, 0xFF, 0x03, 0xFE,
  0x07, 0xFC, 0x0F, 0xF8, 0x1F, 0xF0, 0x3F, 0xE0, 0x7F, 0xC0, 0xFF, 0x81,
  0xFF, 0x00, 0x00, 0x00, 0x00, 0x00, 0x00, 0x00, 0x00, 0x00, 0x00, 0x00,
  0x00, 0x3E, 0x01, 0xFF, 0x07, 0xFF, 0x1F, 0xFF, 0x3F, 0xFE, 0xFF, 0xFF,
  0xFF, 0xFF, 0xFF, 0xFF, 0xFF, 0xF7, 0xFF, 0xCF, 0xFF, 0x8F, 0xFE, 0x0F,
  0xF8, 0x07, 0xC0, 0x00, 0x80, 0x00, 0x40, 0x07, 0xE0, 0x07, 0xF0, 0x3F,
  0xE0, 0x1F, 0xF0, 0x7F, 0xE0, 0x7F, 0xE1, 0xFF, 0xC0, 0xFF, 0xE3, 0xFF,
  0xC3, 0xFF, 0xC7, 0xFF, 0x87, 0xFF, 0x8F, 0xFF, 0x0F, 0xFF, 0x1F, 0xFE,
  0x1F, 0xFE, 0x3F, 0xFC, 0x1F, 0xFC, 0x7F, 0xF8, 0x3F, 0xF8, 0x7F, 0xE0,
  0x7F, 0xF0, 0xFF, 0xC0, 0xFF, 0xC1, 0xFF, 0x81, 0xFF, 0x87, 0xFF, 0x03,
  0xFF, 0x0F, 0xFC, 0x07, 0xFC, 0x1F, 0xF8, 0x1F, 0xF8, 0x3F, 0xE0, 0x3F,
  0xF0, 0xFF, 0xC0, 0x7F, 0xC1, 0xFF, 0x81, 0xFF, 0x83, 0xFE, 0x03, 0xFF,
  0x0F, 0xFC, 0x07, 0xFC, 0x1F, 0xF8, 0x1F, 0xF8, 0x3F, 0xE0, 0x3F, 0xF0,
  0xFF, 0xC0, 0x7F, 0xC0, 0x0F, 0x80, 0x0F, 0x80, 0x00, 0x07, 0xFE, 0x0F,
  0xF8, 0x00, 0x00, 0xFF, 0x83, 0xFF, 0x00, 0x00, 0x1F, 0xF0, 0x7F, 0xE0,
  0x00, 0x03, 0xFE, 0x0F, 0xFC, 0x00, 0x00, 0xFF, 0xC1, 0xFF, 0x80, 0x00,
  0x1F, 0xF8, 0x3F, 0xF0, 0x00, 0x03, 0xFF, 0x07, 0xFE, 0x00, 0x00, 0x7F,
  0xE0, 0xFF, 0x80, 0x00, 0x0F, 0xFC, 0x1F, 0xF0, 0x00, 0x01, 0xFF, 0x83,
  0xFE, 0x00, 0x00, 0x3F, 0xE0, 0xFF, 0xC0, 0x00, 0x07, 0xFC, 0x1F, 0xF8,
  0x00, 0x00, 0xFF, 0x83, 0xFF, 0x00, 0x00, 0x3F, 0xF0, 0x7F, 0xE0, 0x00,
  0x07, 0xFE, 0x0F, 0xFC, 0x01, 0xFF, 0xFF, 0xFF, 0xFF, 0xFF, 0x7F, 0xFF,
  0xFF, 0xFF, 0xFF, 0xEF, 0xFF, 0xFF, 0xFF, 0xFF, 0xFD, 0xFF, 0xFF, 0xFF,
  0xFF, 0xFF, 0xBF, 0xFF, 0xFF, 0xFF, 0xFF, 0xF7, 0xFF, 0xFF, 0xFF, 0xFF,
  0xFE, 0xFF, 0xFF, 0xFF, 0xFF, 0xFF, 0xC0, 0x0F, 0xFC, 0x1F, 0xF8, 0x00,
  0x01, 0xFF, 0x83, 0xFF, 0x00, 0x00, 0x3F, 0xF0, 0x7F, 0xC0, 0x00, 0x07,
  0xFC, 0x0F, 0xF8, 0x00, 0x00, 0xFF, 0x81, 0xFF, 0x00, 0x00, 0x1F, 0xF0,
  0x7F, 0xE0, 0x00, 0x03, 0xFE, 0x0F, 0xFC, 0x00, 0x00, 0x7F, 0xC1, 0xFF,
  0x80, 0x00, 0x1F, 0xF8, 0x3F, 0xF0, 0x00, 0x03, 0xFF, 0x07, 0xFE, 0x00,
  0x00, 0x7F, 0xE0, 0xFF, 0xC0, 0x00, 0x0F, 0xFC, 0x1F, 0xF0, 0x00, 0x01,
  0xFF, 0x03, 0xFE, 0x00, 0x7F, 0xFF, 0xFF, 0xFF, 0xFF, 0xEF, 0xFF, 0xFF,
  0xFF, 0xFF, 0xFD, 0xFF, 0xFF, 0xFF, 0xFF, 0xFF, 0x3F, 0xFF, 0xFF, 0xFF,
  0xFF, 0xE7, 0xFF, 0xFF, 0xFF, 0xFF, 0xFC, 0xFF, 0xFF, 0xFF, 0xFF, 0xFF,
  0x9F, 0xFF, 0xFF, 0xFF, 0xFF, 0xF0, 0x03, 0xFF, 0x07, 0xFC, 0x00, 0x00,
  0x7F, 0xC0, 0xFF, 0x80, 0x00, 0x0F, 0xF8, 0x1F, 0xF0, 0x00, 0x01, 0xFF,
  0x07, 0xFE, 0x00, 0x00, 0x7F, 0xE0, 0xFF, 0xC0, 0x00, 0x0F, 0xFC, 0x1F,
  0xF8, 0x00, 0x01, 0xFF, 0x83, 0xFF, 0x00, 0x00, 0x3F, 0xF0, 0x7F, 0xE0,
  0x00, 0x07, 0xFE, 0x0F, 0xF8, 0x00, 0x00, 0xFF, 0x81, 0xFF, 0x00, 0x00,
  0x1F, 0xF0, 0x3F, 0xE0, 0x00, 0x03, 0xFE, 0x0F, 0xFC, 0x00, 0x00, 0x7F,
  0xC1, 0xFF, 0x80, 0x00, 0x0F, 0xF8, 0x3F, 0xF0, 0x00, 0x03, 0xFF, 0x07,
  0xFE, 0x00, 0x00, 0x7F, 0xE0, 0xFF, 0xC0, 0x00, 0x00, 0x01, 0xFF, 0x80,
  0x00, 0x00, 0x03, 0xFF, 0x00, 0x00, 0x00, 0x07, 0xFE, 0x00, 0x00, 0x00,
  0x0F, 0xF8, 0x00, 0x00, 0x00, 0x1F, 0xF0, 0x00, 0x00, 0x00, 0x3F, 0xE0,
  0x00, 0x00, 0x03, 0xFF, 0xFC, 0x00, 0x00, 0x1F, 0xFF, 0xFE, 0x00, 0x00,
  0xFF, 0xFF, 0xFF, 0x00, 0x03, 0xFF, 0xFF, 0xFF, 0x00, 0x1F, 0xFF, 0xFF,
  0xFF, 0x00, 0x3F, 0xFF, 0xFF, 0xFF, 0x00, 0xFF, 0xFF, 0xFF, 0xFF, 0x03,
  0xFF, 0xFF, 0xFF, 0xFF, 0x07, 0xFF, 0xFF, 0xFF, 0xFF, 0x1F, 0xFC, 0xFF,
  0x9F, 0xFC, 0x3F, 0xF1, 0xFF, 0x0F, 0xF0, 0x7F, 0xE3, 0xFE, 0x0F, 0xC1,
  0xFF, 0x87, 0xFC, 0x0F, 0x03, 0xFF, 0x0F, 0xF8, 0x1C, 0x07, 0xFE, 0x1F,
  0xF0, 0x18, 0x0F, 0xFE, 0x3F, 0xE0, 0x00, 0x1F, 0xFC, 0x7F, 0xC0, 0x00,
  0x1F, 0xFC, 0xFF, 0x80, 0x00, 0x3F, 0xFD, 0xFF, 0x00, 0x00, 0x7F, 0xFF,
  0xFE, 0x00, 0x00, 0x7F, 0xFF, 0xFC, 0x00, 0x00, 0xFF, 0xFF, 0xF8, 0x00,
  0x00, 0xFF, 0xFF, 0xF0, 0x00, 0x00, 0xFF, 0xFF, 0xF8, 0x00, 0x00, 0xFF,
  0xFF, 0xFE, 0x00, 0x00, 0xFF, 0xFF, 0xFF, 0x00, 0x00, 0x7F, 0xFF, 0xFF,
  0x80, 0x00, 0x3F, 0xFF, 0xFF, 0x80, 0x00, 0x1F, 0xFF, 0xFF, 0x80, 0x00,
  0x0F, 0xFF, 0xFF, 0x80, 0x00, 0x1F, 0xFF, 0xFF, 0x80, 0x00, 0x3F, 0xFF,
  0xFF, 0x00, 0x00, 0x7F, 0xFF, 0xFF, 0x00, 0x00, 0xFF, 0x9F, 0xFE, 0x00,
  0x01, 0xFF, 0x1F, 0xFE, 0x00, 0x03, 0xFE, 0x1F, 0xFC, 0x00, 0x07, 0xFC,
  0x1F, 0xF8, 0x00, 0x0F, 0xF8, 0x3F, 0xF0, 0x00, 0x1F, 0xF0, 0x7F, 0xE0,
  0xC0, 0x3F, 0xE0, 0x7F, 0xC3, 0x80, 0x7F, 0xC1, 0xFF, 0x8F, 0x80, 0xFF,
  0x83, 0xFF, 0x1F, 0x81, 0xFF, 0x07, 0xFE, 0x7F, 0x83, 0xFE, 0x1F, 0xF9,
  0xFF, 0x87, 0xFC, 0x7F, 0xF7, 0xFF, 0x8F, 0xFB, 0xFF, 0xCF, 0xFF, 0xFF,
  0xFF, 0xFF, 0x9F, 0xFF, 0xFF, 0xFF, 0xFE, 0x1F, 0xFF, 0xFF, 0xFF, 0xFC,
  0x1F, 0xFF, 0xFF, 0xFF, 0xF0, 0x0F, 0xFF, 0xFF, 0xFF, 0xC0, 0x0F, 0xFF,
  0xFF, 0xFE, 0x00, 0x07, 0xFF, 0xFF, 0xF8, 0x00, 0x03, 0xFF, 0xFF, 0xC0,
  0x00, 0x00, 0xFF, 0xFC, 0x00, 0x00, 0x00, 0x3F, 0xE0, 0x00, 0x00, 0x00,
  0x7F, 0xC0, 0x00, 0x00, 0x00, 0xFF, 0x80, 0x00, 0x00, 0x01, 0xFF, 0x00,
  0x00, 0x00, 0x03, 0xFE, 0x00, 0x00, 0x00, 0x7E, 0x00, 0x00, 0x00, 0x00,
  0x1F, 0xFC, 0x00, 0x01, 0xFF, 0x81, 0xFF, 0xF8, 0x00, 0x0F, 0xF8, 0x1F,
  0xFF, 0xE0, 0x00, 0xFF, 0xC1, 0xFF, 0xFF, 0x80, 0x0F, 0xFC, 0x1F, 0xFF,
  0xFC, 0x00, 0x7F, 0xC0, 0xFF, 0xFF, 0xF0, 0x07, 0xFE, 0x0F, 0xF8, 0xFF,
  0x80, 0x3F, 0xE0, 0x7F, 0x83, 0xFE, 0x03, 0xFF, 0x03, 0xFC, 0x0F, 0xF0,
  0x1F, 0xF0, 0x3F, 0xC0, 0x7F, 0x81, 0xFF, 0x81, 0xFE, 0x03, 0xFC, 0x1F,
  0xF8, 0x0F, 0xF0, 0x1F, 0xF0, 0xFF, 0x80, 0x7F, 0x80, 0xFF, 0x8F, 0xFC,
  0x03, 0xFC, 0x07, 0xF8, 0x7F, 0xC0, 0x1F, 0xE0, 0x3F, 0xC7, 0xFE, 0x00,
  0x7F, 0x81, 0xFE, 0x3F, 0xE0, 0x03, 0xFC, 0x1F, 0xF3, 0xFF, 0x00, 0x1F,
  0xF1, 0xFF, 0xBF, 0xF0, 0x00, 0x7F, 0xFF, 0xF9, 0xFF, 0x00, 0x03, 0xFF,
  0xFF, 0xDF, 0xF8, 0x00, 0x0F, 0xFF, 0xFC, 0xFF, 0x80, 0x00, 0x3F, 0xFF,
  0xCF, 0xFC, 0x00, 0x00, 0xFF, 0xFC, 0x7F, 0xC0, 0x00, 0x03, 0xFF, 0xC7,
  0xFE, 0x00, 0x00, 0x03, 0xF0, 0x3F, 0xE0, 0x00, 0x00, 0x00, 0x03, 0xFE,
  0x00, 0x00, 0x00, 0x00, 0x3F, 0xF0, 0x00, 0x00, 0x00, 0x01, 0xFF, 0x00,
  0x00, 0x00, 0x00, 0x1F, 0xF8, 0x00, 0x00, 0x00, 0x00, 0xFF, 0x80, 0x00,
  0x00, 0x00, 0x0F, 0xFC, 0x00, 0x00, 0x00, 0x00, 0x7F, 0xC0, 0x00, 0x00,
  0x00, 0x07, 0xFE, 0x00, 0x00, 0x00, 0x00, 0x7F, 0xE0, 0x00, 0x00, 0x00,
  0x03, 0xFE, 0x07, 0xF0, 0x00, 0x00, 0x3F, 0xF0, 0xFF, 0xE0, 0x00, 0x01,
  0xFF, 0x1F, 0xFF, 0x80, 0x00, 0x1F, 0xF9, 0xFF, 0xFE, 0x00, 0x00, 0xFF,
  0x8F, 0xFF, 0xF8, 0x00, 0x0F, 0xFC, 0xFF, 0xFF, 0xE0, 0x00, 0x7F, 0xCF,
  0xFF, 0xFF, 0x00, 0x07, 0xFC, 0x7F, 0xC7, 0xFC, 0x00, 0x7F, 0xE7, 0xFC,
  0x1F, 0xE0, 0x03, 0xFE, 0x3F, 0xC0, 0xFF, 0x80, 0x3F, 0xF1, 0xFE, 0x07,
  0xFC, 0x01, 0xFF, 0x0F, 0xF0, 0x1F, 0xE0, 0x1F, 0xF8, 0x7F, 0x00, 0xFF,
  0x00, 0xFF, 0x83, 0xFC, 0x07, 0xF8, 0x0F, 0xF8, 0x1F, 0xE0, 0x3F, 0xC0,
  0xFF, 0xC0, 0xFF, 0x03, 0xFE, 0x07, 0xFC, 0x07, 0xF8, 0x1F, 0xF0, 0x7F,
  0xE0, 0x3F, 0xE0, 0xFF, 0x03, 0xFE, 0x00, 0xFF, 0x8F, 0xF8, 0x3F, 0xF0,
  0x07, 0xFF, 0xFF, 0xC1, 0xFF, 0x00, 0x1F, 0xFF, 0xFC, 0x1F, 0xF0, 0x00,
  0xFF, 0xFF, 0xC1, 0xFF, 0x80, 0x03, 0xFF, 0xFE, 0x0F, 0xF8, 0x00, 0x0F,
  0xFF, 0xC0, 0xFF, 0xC0, 0x00, 0x1F, 0xFC, 0x00, 0x00, 0x00, 0x00, 0x3F,
  0x80, 0x00, 0x00, 0x01, 0xFE, 0x00, 0x00, 0x00, 0x01, 0xFF, 0xF0, 0x00,
  0x00, 0x00, 0x7F, 0xFF, 0x80, 0x00, 0x00, 0x3F, 0xFF, 0xF8, 0x00, 0x00,
  0x0F, 0xFF, 0xFF, 0x80, 0x00, 0x03, 0xFF, 0xFF, 0xF8, 0x00, 0x00, 0x7F,
  0xFF, 0xFF, 0x80, 0x00, 0x1F, 0xFF, 0xFF, 0xF0, 0x00, 0x03, 0xFF, 0x87,
  0xFF, 0x00, 0x00, 0xFF, 0xE0, 0x7F, 0xE0, 0x00, 0x1F, 0xF8, 0x0F, 0xFC,
  0x00, 0x03, 0xFF, 0x00, 0xFF, 0x80, 0x00, 0x7F, 0xE0, 0x1F, 0xF0, 0x00,
  0x0F, 0xF8, 0x03, 0xFE, 0x00, 0x01, 0xFF, 0x80, 0x7F, 0xC0, 0x00, 0x3F,
  0xF0, 0x0F, 0xF8, 0x00, 0x07, 0xFE, 0x01, 0xFF, 0x00, 0x00, 0x7F, 0xE0,
  0x7F, 0xE0, 0x00, 0x0F, 0xFC, 0x0F, 0xF8, 0x00, 0x01, 0xFF, 0xC1, 0xFF,
  0x00, 0x00, 0x1F, 0xF8, 0x7F, 0xE0, 0x00, 0x03, 0xFF, 0x9F, 0xF8, 0x00,
  0x00, 0x3F, 0xFF, 0xFF, 0x00, 0x00, 0x03, 0xFF, 0xFF, 0xC0, 0x00, 0x00,
  0x7F, 0xFF, 0xF0, 0x00, 0x00, 0x07, 0xFF, 0xFC, 0x00, 0x00, 0x00, 0x7F,
  0xFF, 0x00, 0x00, 0x00, 0x0F, 0xFF, 0xC0, 0x00, 0x00, 0x07, 0xFF, 0xF0,
  0x00, 0x00, 0x01, 0xFF, 0xFE, 0x00, 0x00, 0x00, 0x7F, 0xFF, 0xC0, 0x00,
  0x00, 0x1F, 0xFF, 0xFC, 0x01, 0x80, 0x07, 0xFF, 0xFF, 0xC0, 0x38, 0x01,
  0xFF, 0xFF, 0xFC, 0x07, 0xC0, 0x7F, 0xF3, 0xFF, 0x80, 0xFC, 0x0F, 0xFC,
  0x3F, 0xF8, 0x3F, 0xE3, 0xFF, 0x03, 0xFF, 0x87, 0xFE, 0x7F, 0xE0, 0x7F,
  0xF0, 0xFF, 0xDF, 0xF8, 0x07, 0xFF, 0x3F, 0xF3, 0xFF, 0x00, 0x7F, 0xFF,
  0xFC, 0x7F, 0xE0, 0x0F, 0xFF, 0xFF, 0x9F, 0xF8, 0x00, 0xFF, 0xFF, 0xE3,
  0xFF, 0x00, 0x0F, 0xFF, 0xFC, 0x7F, 0xE0, 0x00, 0xFF, 0xFF, 0x0F, 0xFC,
  0x00, 0x1F, 0xFF, 0xC1, 0xFF, 0x80, 0x01, 0xFF, 0xF8, 0x3F, 0xF0, 0x00,
  0x1F, 0xFE, 0x07, 0xFF, 0x00, 0x03, 0xFF, 0xC0, 0xFF, 0xE0, 0x00, 0xFF,
  0xF8, 0x1F, 0xFE, 0x00, 0x3F, 0xFF, 0x83, 0xFF, 0xE0, 0x0F, 0xFF, 0xF8,
  0x3F, 0xFE, 0x03, 0xFF, 0xFF, 0x87, 0xFF, 0xFF, 0xFF, 0xFF, 0xF0, 0x7F,
  0xFF, 0xFF, 0xFF, 0xFF, 0x0F, 0xFF, 0xFF, 0xFF, 0x7F, 0xF0, 0xFF, 0xFF,
  0xFF, 0xCF, 0xFF, 0x0F, 0xFF, 0xFF, 0xF0, 0xFF, 0xC0, 0xFF, 0xFF, 0xF8,
  0x1F, 0xE0, 0x0F, 0xFF, 0xFE, 0x01, 0xF8, 0x00, 0x7F, 0xFF, 0x00, 0x1C,
  0x00, 0x01, 0xFE, 0x00, 0x03, 0x00, 0x00, 0x80, 0x1F, 0xC0, 0xFF, 0x87,
  0xFE, 0x1F, 0xFC, 0x7F, 0xF3, 0xFF, 0xCF, 0xFF, 0x1F, 0xFC, 0x7F, 0xF1,
  0xFF, 0xC7, 0xFF, 0x1F, 0xFC, 0x7F, 0xE1, 0xFF, 0x87, 0xFE, 0x3F, 0xF0,
  0xFF, 0xC3, 0xFF, 0x1F, 0xF8, 0x7F, 0xE1, 0xFF, 0x8F, 0xFC, 0x3F, 0xF0,
  0xFF, 0x80, 0x3E, 0x00, 0x00, 0x00, 0x00, 0xC0, 0x00, 0x00, 0x0F, 0x00,
  0x00, 0x00, 0xFE, 0x00, 0x00, 0x07, 0xF8, 0x00, 0x00, 0x7F, 0xF0, 0x00,
  0x03, 0xFF, 0xC0, 0x00, 0x1F, 0xFF, 0x80, 0x00, 0xFF, 0xFE, 0x00, 0x07,
  0xFF, 0xFC, 0x00, 0x3F, 0xFE, 0x00, 0x01, 0xFF, 0xE0, 0x00, 0x0F, 0xFF,
  0x00, 0x00, 0x7F, 0xF8, 0x00, 0x03, 0xFF, 0xC0, 0x00, 0x1F, 0xFE, 0x00,
  0x00, 0x7F, 0xF0, 0x00, 0x03, 0xFF, 0x80, 0x00, 0x0F, 0xFC, 0x00, 0x00,
  0x7F, 0xE0, 0x00, 0x03, 0xFF, 0x80, 0x00, 0x0F, 0xFC, 0x00, 0x00, 0x3F,
  0xF0, 0x00, 0x01, 0xFF, 0x80, 0x00, 0x07, 0xFE, 0x00, 0x00, 0x3F, 0xF0,
  0x00, 0x00, 0xFF, 0xC0, 0x00, 0x03, 0xFF, 0x00, 0x00, 0x1F, 0xF8, 0x00,
  0x00, 0x7F, 0xE0, 0x00, 0x01, 0xFF, 0x80, 0x00, 0x07, 0xFE, 0x00, 0x00,
  0x1F, 0xF0, 0x00, 0x00, 0xFF, 0xC0, 0x00, 0x03, 0xFF, 0x00, 0x00, 0x0F,
  0xFC, 0x00, 0x00, 0x3F, 0xF0, 0x00, 0x00, 0xFF, 0xC0, 0x00, 0x03, 0xFF,
  0x00, 0x00, 0x0F, 0xFC, 0x00, 0x00, 0x3F, 0xF0, 0x00, 0x00, 0xFF, 0xC0,
  0x00, 0x03, 0xFF, 0x00, 0x00, 0x0F, 0xFC, 0x00, 0x00, 0x3F, 0xF0, 0x00,
  0x00, 0xFF, 0xC0, 0x00, 0x03, 0xFF, 0x00, 0x00, 0x07, 0xFC, 0x00, 0x00,
  0x1F, 0xF8, 0x00, 0x00, 0x7F, 0xE0, 0x00, 0x01, 0xFF, 0x80, 0x00, 0x07,
  0xFE, 0x00, 0x00, 0x0F, 0xFC, 0x00, 0x00, 0x3F, 0xF0, 0x00, 0x00, 0xFF,
  0xE0, 0x00, 0x01, 0xFF, 0x80, 0x00, 0x07, 0xFE, 0x00, 0x00, 0x1F, 0xFC,
  0x00, 0x00, 0x3F, 0xF0, 0x00, 0x00, 0xFF, 0xE0, 0x00, 0x01, 0xFF, 0xC0,
  0x00, 0x07, 0xFF, 0x00, 0x00, 0x0F, 0xFE, 0x00, 0x00, 0x3F, 0xFC, 0x00,
  0x00, 0x7F, 0xF0, 0x00, 0x00, 0xFF, 0xE0, 0x00, 0x03, 0xFF, 0xC0, 0x00,
  0x07, 0xFF, 0x80, 0x00, 0x0F, 0xFF, 0x00, 0x00, 0x1F, 0xFE, 0x00, 0x00,
  0x7F, 0xFC, 0x00, 0x00, 0xFF, 0xFC, 0x00, 0x01, 0xFF, 0xF8, 0x00, 0x03,
  0xFF, 0xF8, 0x00, 0x03, 0xFF, 0xE0, 0x00, 0x07, 0xFF, 0x80, 0x00, 0x0F,
  0xFC, 0x00, 0x00, 0x1F, 0xE0, 0x00, 0x00, 0x1F, 0x80, 0x00, 0x00, 0x3C,
  0x00, 0x00, 0x00, 0x30, 0x18, 0x00, 0x00, 0x00, 0x78, 0x00, 0x00, 0x03,
  0xF8, 0x00, 0x00, 0x0F, 0xF0, 0x00, 0x00, 0x3F, 0xF0, 0x00, 0x01, 0xFF,
  0xE0, 0x00, 0x07, 0xFF, 0xC0, 0x00, 0x1F, 0xFF, 0x80, 0x00, 0x3F, 0xFF,
  0x80, 0x00, 0x7F, 0xFF, 0x00, 0x00, 0x7F, 0xFE, 0x00, 0x00, 0xFF, 0xF8,
  0x00, 0x00, 0xFF, 0xF0, 0x00, 0x01, 0xFF, 0xE0, 0x00, 0x03, 0xFF, 0xC0,
  0x00, 0x07, 0xFF, 0x00, 0x00, 0x0F, 0xFE, 0x00, 0x00, 0x1F, 0xFC, 0x00,
  0x00, 0x7F, 0xF0, 0x00, 0x00, 0xFF, 0xE0, 0x00, 0x01, 0xFF, 0x80, 0x00,
  0x07, 0xFF, 0x00, 0x00, 0x0F, 0xFC, 0x00, 0x00, 0x1F, 0xF8, 0x00, 0x00,
  0x7F, 0xE0, 0x00, 0x01, 0xFF, 0xC0, 0x00, 0x03, 0xFF, 0x00, 0x00, 0x0F,
  0xFC, 0x00, 0x00, 0x1F, 0xF8, 0x00, 0x00, 0x7F, 0xE0, 0x00, 0x01, 0xFF,
  0x80, 0x00, 0x07, 0xFE, 0x00, 0x00, 0x0F, 0xF8, 0x00, 0x00, 0x3F, 0xF0,
  0x00, 0x00, 0xFF, 0xC0, 0x00, 0x03, 0xFF, 0x00, 0x00, 0x0F, 0xFC, 0x00,
  0x00, 0x3F, 0xF0, 0x00, 0x00, 0xFF, 0xC0, 0x00, 0x03, 0xFF, 0x00, 0x00,
  0x0F, 0xFC, 0x00, 0x00, 0x3F, 0xF0, 0x00, 0x00, 0xFF, 0xC0, 0x00, 0x03,
  0xFF, 0x00, 0x00, 0x0F, 0xFC, 0x00, 0x00, 0x3F, 0xF0, 0x00, 0x00, 0xFF,
  0x80, 0x00, 0x07, 0xFE, 0x00, 0x00, 0x1F, 0xF8, 0x00, 0x00, 0x7F, 0xE0,
  0x00, 0x01, 0xFF, 0x80, 0x00, 0x0F, 0xFC, 0x00, 0x00, 0x3F, 0xF0, 0x00,
  0x00, 0xFF, 0xC0, 0x00, 0x07, 0xFE, 0x00, 0x00, 0x1F, 0xF8, 0x00, 0x00,
  0xFF, 0xC0, 0x00, 0x03, 0xFF, 0x00, 0x00, 0x1F, 0xF8, 0x00, 0x00, 0x7F,
  0xE0, 0x00, 0x03, 0xFF, 0x00, 0x00, 0x1F, 0xFC, 0x00, 0x00, 0xFF, 0xE0,
  0x00, 0x03, 0xFF, 0x80, 0x00, 0x1F, 0xFC, 0x00, 0x00, 0xFF, 0xE0, 0x00,
  0x07, 0xFF, 0x00, 0x00, 0x3F, 0xFC, 0x00, 0x03, 0xFF, 0xE0, 0x00, 0x1F,
  0xFF, 0x00, 0x01, 0xFF, 0xF8, 0x00, 0x1F, 0xFF, 0xC0, 0x00, 0xFF, 0xFE,
  0x00, 0x01, 0xFF, 0xF0, 0x00, 0x07, 0xFF, 0x00, 0x00, 0x1F, 0xF8, 0x00,
  0x00, 0x7F, 0xC0, 0x00, 0x00, 0xFC, 0x00, 0x00, 0x03, 0xC0, 0x00, 0x00,
  0x0C, 0x00, 0x00, 0x00, 0x00, 0x00, 0xFF, 0xE0, 0x00, 0x00, 0x00, 0x7F,
  0xF0, 0x00, 0x00, 0x00, 0x3F, 0xF0, 0x00, 0x00, 0x00, 0x1F, 0xF8, 0x00,
  0x00, 0x00, 0x0F, 0xFC, 0x00, 0x00, 0x00, 0x07, 0xFE, 0x00, 0x00, 0x00,
  0x03, 0xFF, 0x00, 0x00, 0x00, 0x01, 0xFF, 0x80, 0x00, 0x10, 0x00, 0xFF,
  0xC0, 0x00, 0x0E, 0x00, 0x7F, 0xC0, 0x06, 0x07, 0xC0, 0x1F, 0xE0, 0x0F,
  0x87, 0xFC, 0x0F, 0xF0, 0x3F, 0xC3, 0xFF, 0x87, 0xF8, 0x7F, 0xF3, 0xFF,
  0xF3, 0xFC, 0xFF, 0xF9, 0xFF, 0xFF, 0xFF, 0xFF, 0xFC, 0xFF, 0xFF, 0xFF,
  0xFF, 0xFF, 0xFF, 0xFF, 0xFF, 0xFF, 0xFF, 0x8F, 0xFF, 0xFF, 0xFF, 0xFF,
  0x00, 0xFF, 0xFF, 0xFF, 0xF8, 0x00, 0x0F, 0xFF, 0xFF, 0xE0, 0x00, 0x00,
  0xFF, 0xFF, 0x80, 0x00, 0x00, 0x0F, 0xFF, 0x00, 0x00, 0x00, 0x0F, 0xFF,
  0xC0, 0x00, 0x00, 0x0F, 0xFF, 0xF0, 0x00, 0x00, 0x0F, 0xFF, 0xF8, 0x00,
  0x00, 0x0F, 0xFF, 0xFE, 0x00, 0x00, 0x0F, 0xFD, 0xFF, 0x80, 0x00, 0x07,
  0xFE, 0x7F, 0xE0, 0x00, 0x07, 0xFE, 0x3F, 0xF8, 0x00, 0x07, 0xFE, 0x0F,
  0xFE, 0x00, 0x07, 0xFF, 0x03, 0xFF, 0x00, 0x07, 0xFF, 0x01, 0xFF, 0xC0,
  0x07, 0xFF, 0x00, 0x7F, 0xF0, 0x07, 0xFF, 0x80, 0x1F, 0xFC, 0x03, 0xFF,
  0x80, 0x0F, 0xFE, 0x00, 0x7F, 0x80, 0x03, 0xFE, 0x00, 0x1F, 0xC0, 0x00,
  0xFC, 0x00, 0x07, 0xC0, 0x00, 0x7C, 0x00, 0x01, 0xC0, 0x00, 0x1C, 0x00,
  0x00, 0x20, 0x00, 0x08, 0x00, 0x00, 0x01, 0xFF, 0x80, 0x00, 0x00, 0x01,
  0xFF, 0x80, 0x00, 0x00, 0x01, 0xFF, 0x80, 0x00, 0x00, 0x01, 0xFF, 0x80,
  0x00, 0x00, 0x01, 0xFF, 0x80, 0x00, 0x00, 0x01, 0xFF, 0x80, 0x00, 0x00,
  0x01, 0xFF, 0x80, 0x00, 0x00, 0x01, 0xFF, 0x80, 0x00, 0x00, 0x01, 0xFF,
  0x80, 0x00, 0x00, 0x01, 0xFF, 0x80, 0x00, 0x00, 0x01, 0xFF, 0x80, 0x00,
  0x00, 0x01, 0xFF, 0x80, 0x00, 0x00, 0x01, 0xFF, 0x80, 0x00, 0x00, 0x01,
  0xFF, 0x80, 0x00, 0x00, 0x01, 0xFF, 0x80, 0x00, 0xFF, 0xFF, 0xFF, 0xFF,
  0xFF, 0xFF, 0xFF, 0xFF, 0xFF, 0xFF, 0xFF, 0xFF, 0xFF, 0xFF, 0xFF, 0xFF,
  0xFF, 0xFF, 0xFF, 0xFF, 0xFF, 0xFF, 0xFF, 0xFF, 0xFF, 0xFF, 0xFF, 0xFF,
  0xFF, 0xFF, 0xFF, 0xFF, 0xFF, 0xFF, 0xFF, 0xFF, 0xFF, 0xFF, 0xFF, 0xFF,
  0xFF, 0xFF, 0xFF, 0xFF, 0xFF, 0x00, 0x01, 0xFF, 0x80, 0x00, 0x00, 0x01,
  0xFF, 0x80, 0x00, 0x00, 0x01, 0xFF, 0x80, 0x00, 0x00, 0x01, 0xFF, 0x80,
  0x00, 0x00, 0x01, 0xFF, 0x80, 0x00, 0x00, 0x01, 0xFF, 0x80, 0x00, 0x00,
  0x01, 0xFF, 0x80, 0x00, 0x00, 0x01, 0xFF, 0x80, 0x00, 0x00, 0x01, 0xFF,
  0x80, 0x00, 0x00, 0x01, 0xFF, 0x80, 0x00, 0x00, 0x01, 0xFF, 0x80, 0x00,
  0x00, 0x01, 0xFF, 0x80, 0x00, 0x00, 0x01, 0xFF, 0x80, 0x00, 0x00, 0x01,
  0xFF, 0x80, 0x00, 0x00, 0x01, 0xFF, 0x80, 0x00, 0x00, 0x01, 0xFF, 0x80,
  0x00, 0x03, 0xE0, 0x0F, 0xF8, 0x1F, 0xFC, 0x3F, 0xFE, 0x3F, 0xFE, 0x3F,
  0xFF, 0x3F, 0xFF, 0x3F, 0xFF, 0x3F, 0xFF, 0x1F, 0xFF, 0x0F, 0xFF, 0x07,
  0xFF, 0x03, 0xFF, 0x03, 0xFE, 0x03, 0xFE, 0x07, 0xFC, 0x07, 0xFC, 0x0F,
  0xF8, 0x0F, 0xF8, 0x1F, 0xF0, 0x3F, 0xE0, 0x7F, 0xE0, 0xFF, 0xC0, 0x7F,
  0x80, 0x3F, 0x00, 0x1E, 0x00, 0x0C, 0x00, 0xFF, 0xFF, 0xFF, 0xFF, 0xFF,
  0xFF, 0xFF, 0xFF, 0xFF, 0xFF, 0xFF, 0xFF, 0xFF, 0xFF, 0xFF, 0xFF, 0xFF,
  0xFF, 0xFF, 0xFF, 0xFF, 0xFF, 0xFF, 0xFF, 0xFF, 0xFF, 0xFF, 0xFF, 0xFF,
  0xFF, 0xFF, 0xFF, 0xFF, 0xFF, 0xFF, 0xFF, 0xFF, 0xFF, 0xFF, 0xE0, 0x0F,
  0x80, 0xFF, 0x87, 0xFF, 0x1F, 0xFE, 0xFF, 0xFB, 0xFF, 0xFF, 0xFF, 0xFF,
  0xFF, 0xFF, 0xFB, 0xFF, 0xE7, 0xFF, 0x0F, 0xF8, 0x0F, 0x80, 0x00, 0x00,
  0x00, 0x04, 0x00, 0x00, 0x00, 0x00, 0x78, 0x00, 0x00, 0x00, 0x03, 0xF0,
  0x00, 0x00, 0x00, 0x3F, 0xE0, 0x00, 0x00, 0x01, 0xFF, 0x80, 0x00, 0x00,
  0x0F, 0xFC, 0x00, 0x00, 0x00, 0xFF, 0xC0, 0x00, 0x00, 0x07, 0xFE, 0x00,
  0x00, 0x00, 0x7F, 0xE0, 0x00, 0x00, 0x03, 0xFF, 0x00, 0x00, 0x00, 0x3F,
  0xF0, 0x00, 0x00, 0x01, 0xFF, 0x80, 0x00, 0x00, 0x1F, 0xF8, 0x00, 0x00,
  0x00, 0xFF, 0xC0, 0x00, 0x00, 0x0F, 0xFE, 0x00, 0x00, 0x00, 0x7F, 0xE0,
  0x00, 0x00, 0x07, 0xFF, 0x00, 0x00, 0x00, 0x3F, 0xF0, 0x00, 0x00, 0x01,
  0xFF, 0x80, 0x00, 0x00, 0x1F, 0xF8, 0x00, 0x00, 0x00, 0xFF, 0xC0, 0x00,
  0x00, 0x0F, 0xFC, 0x00, 0x00, 0x00, 0x7F, 0xE0, 0x00, 0x00, 0x07, 0xFE,
  0x00, 0x00, 0x00, 0x3F, 0xF0, 0x00, 0x00, 0x03, 0xFF, 0x00, 0x00, 0x00,
  0x1F, 0xF8, 0x00, 0x00, 0x01, 0xFF, 0xC0, 0x00, 0x00, 0x0F, 0xFC, 0x00,
  0x00, 0x00, 0xFF, 0xE0, 0x00, 0x00, 0x07, 0xFE, 0x00, 0x00, 0x00, 0x3F,
  0xF0, 0x00, 0x00, 0x03, 0xFF, 0x00, 0x00, 0x00, 0x1F, 0xF8, 0x00, 0x00,
  0x01, 0xFF, 0x80, 0x00, 0x00, 0x0F, 0xFC, 0x00, 0x00, 0x00, 0xFF, 0xC0,
  0x00, 0x00, 0x07, 0xFE, 0x00, 0x00, 0x00, 0x7F, 0xF0, 0x00, 0x00, 0x03,
  0xFF, 0x00, 0x00, 0x00, 0x3F, 0xF8, 0x00, 0x00, 0x01, 0xFF, 0x80, 0x00,
  0x00, 0x1F, 0xFC, 0x00, 0x00, 0x00, 0xFF, 0xC0, 0x00, 0x00, 0x07, 0xFE,
  0x00, 0x00, 0x00, 0x7F, 0xE0, 0x00, 0x00, 0x03, 0xFF, 0x00, 0x00, 0x00,
  0x3F, 0xF0, 0x00, 0x00, 0x01, 0xFF, 0x80, 0x00, 0x00, 0x1F, 0xF8, 0x00,
  0x00, 0x00, 0xFF, 0xC0, 0x00, 0x00, 0x0F, 0xFE, 0x00, 0x00, 0x00, 0x7F,
  0xE0, 0x00, 0x00, 0x07, 0xFF, 0x00, 0x00, 0x00, 0x3F, 0xF0, 0x00, 0x00,
  0x01, 0xFF, 0x80, 0x00, 0x00, 0x1F, 0xF8, 0x00, 0x00, 0x00, 0xFF, 0xC0,
  0x00, 0x00, 0x0F, 0xFC, 0x00, 0x00, 0x00, 0x7F, 0xE0, 0x00, 0x00, 0x07,
  0xFE, 0x00, 0x00, 0x00, 0x3F, 0xF0, 0x00, 0x00, 0x03, 0xFF, 0x00, 0x00,
  0x00, 0x1F, 0xF8, 0x00, 0x00, 0x00, 0x3F, 0xC0, 0x00, 0x00, 0x00, 0x7C,
  0x00, 0x00, 0x00, 0x00, 0xE0, 0x00, 0x00, 0x00, 0x00, 0x00, 0x7F, 0x80,
  0x00, 0x00, 0x01, 0xFF, 0xF0, 0x00, 0x00, 0x03, 0xFF, 0xFE, 0x00, 0x00,
  0x03, 0xFF, 0xFF, 0x80, 0x00, 0x03, 0xFF, 0xFF, 0xE0, 0x00, 0x03, 0xFF,
  0xFF, 0xF8, 0x00, 0x03, 0xFF, 0xFF, 0xFE, 0x00, 0x03, 0xFF, 0xFF, 0xFF,
  0x80, 0x03, 0xFF, 0xFF, 0xFF, 0xE0, 0x01, 0xFF, 0xE0, 0xFF, 0xF0, 0x01,
  0xFF, 0xE0, 0x1F, 0xFC, 0x00, 0xFF, 0xE0, 0x07, 0xFF, 0x00, 0xFF, 0xE0,
  0x01, 0xFF, 0x80, 0x7F, 0xE0, 0x00, 0xFF, 0xE0, 0x7F, 0xE0, 0x00, 0x3F,
  0xF0, 0x3F, 0xF0, 0x00, 0x3F, 0xF8, 0x3F, 0xF8, 0x00, 0x1F, 0xFE, 0x1F,
  0xF8, 0x00, 0x1F, 0xFF, 0x0F, 0xFC, 0x00, 0x1F, 0xFF, 0x87, 0xFE, 0x00,
  0x1F, 0xFF, 0xE7, 0xFE, 0x00, 0x1F, 0xFF, 0xF3, 0xFF, 0x00, 0x0F, 0xFF,
  0xF9, 0xFF, 0x80, 0x0F, 0xFF, 0xFC, 0xFF, 0xC0, 0x0F, 0xFF, 0xFE, 0x7F,
  0xE0, 0x0F, 0xFF, 0xFF, 0xFF, 0xE0, 0x07, 0xFE, 0xFF, 0xFF, 0xF0, 0x07,
  0xFE, 0x7F, 0xFF, 0xF8, 0x07, 0xFE, 0x3F, 0xFF, 0xFC, 0x07, 0xFE, 0x1F,
  0xFF, 0xFE, 0x03, 0xFF, 0x0F, 0xFF, 0xFF, 0x03, 0xFF, 0x07, 0xFF, 0xFF,
  0x83, 0xFF, 0x03, 0xFF, 0xFF, 0xC3, 0xFF, 0x01, 0xFF, 0xFF, 0xE3, 0xFF,
  0x80, 0xFF, 0xFF, 0xF1, 0xFF, 0x80, 0x7F, 0xFF, 0xFD, 0xFF, 0x80, 0x3F,
  0xFF, 0xFF, 0xFF, 0x80, 0x1F, 0xFB, 0xFF, 0xFF, 0xC0, 0x0F, 0xFD, 0xFF,
  0xFF, 0xC0, 0x0F, 0xFE, 0xFF, 0xFF, 0xC0, 0x07, 0xFE, 0x7F, 0xFF, 0xC0,
  0x03, 0xFF, 0x3F, 0xFF, 0xE0, 0x01, 0xFF, 0x9F, 0xFF, 0xE0, 0x00, 0xFF,
  0xC7, 0xFF, 0xE0, 0x00, 0xFF, 0xE3, 0xFF, 0xE0, 0x00, 0x7F, 0xE1, 0xFF,
  0xF0, 0x00, 0x3F, 0xF0, 0x7F, 0xF0, 0x00, 0x3F, 0xF8, 0x3F, 0xF8, 0x00,
  0x1F, 0xF8, 0x1F, 0xFC, 0x00, 0x1F, 0xFC, 0x07, 0xFF, 0x00, 0x1F, 0xFE,
  0x03, 0xFF, 0x80, 0x0F, 0xFE, 0x00, 0xFF, 0xE0, 0x1F, 0xFF, 0x00, 0x3F,
  0xFC, 0x1F, 0xFF, 0x00, 0x1F, 0xFF, 0xFF, 0xFF, 0x00, 0x07, 0xFF, 0xFF,
  0xFF, 0x80, 0x01, 0xFF, 0xFF, 0xFF, 0x80, 0x00, 0x7F, 0xFF, 0xFF, 0x80,
  0x00, 0x1F, 0xFF, 0xFF, 0x80, 0x00, 0x07, 0xFF, 0xFF, 0x80, 0x00, 0x01,
  0xFF, 0xFF, 0x00, 0x00, 0x00, 0x3F, 0xFF, 0x00, 0x00, 0x00, 0x03, 0xFC,
  0x00, 0x00, 0x00, 0x01, 0xFE, 0x00, 0x0F, 0xFC, 0x00, 0x7F, 0xF8, 0x01,
  0xFF, 0xF0, 0x0F, 0xFF, 0xE0, 0x7F, 0xFF, 0xC3, 0xFF, 0xFF, 0x9F, 0xFF,
  0xFF, 0x7F, 0xFF, 0xFF, 0xFF, 0xFF, 0xFD, 0xFF, 0xFF, 0xFB, 0xFF, 0xFF,
  0xF3, 0xFF, 0x7F, 0xE7, 0xE0, 0xFF, 0xCE, 0x01, 0xFF, 0x80, 0x03, 0xFF,
  0x00, 0x07, 0xFE, 0x00, 0x0F, 0xFC, 0x00, 0x1F, 0xF8, 0x00, 0x3F, 0xF0,
  0x00, 0x7F, 0xE0, 0x00, 0xFF, 0xC0, 0x01, 0xFF, 0x80, 0x03, 0xFF, 0x00,
  0x07, 0xFE, 0x00, 0x0F, 0xFC, 0x00, 0x1F, 0xF8, 0x00, 0x3F, 0xF0, 0x00,
  0x7F, 0xE0, 0x00, 0xFF, 0xC0, 0x01, 0xFF, 0x80, 0x03, 0xFF, 0x00, 0x07,
  0xFE, 0x00, 0x0F, 0xFC, 0x00, 0x1F, 0xF8, 0x00, 0x3F, 0xF0, 0x00, 0x7F,
  0xE0, 0x00, 0xFF, 0xC0, 0x01, 0xFF, 0x80, 0x03, 0xFF, 0x00, 0x07, 0xFE,
  0x00, 0x0F, 0xFC, 0x00, 0x1F, 0xF8, 0x00, 0x3F, 0xF0, 0x00, 0x7F, 0xE0,
  0x00, 0xFF, 0xC0, 0x01, 0xFF, 0x80, 0x03, 0xFF, 0x00, 0x07, 0xFE, 0x00,
  0x0F, 0xFC, 0x00, 0x1F, 0xF8, 0x00, 0x3F, 0xF0, 0x00, 0x7F, 0xE0, 0x00,
  0xFF, 0xC0, 0x01, 0xFF, 0x80, 0x03, 0xFF, 0x00, 0x07, 0xFE, 0x00, 0x0F,
  0xFC, 0x00, 0x1F, 0xF8, 0x00, 0x03, 0xFE, 0x00, 0x00, 0x01, 0xFF, 0xFE,
  0x00, 0x00, 0x3F, 0xFF, 0xFC, 0x00, 0x03, 0xFF, 0xFF, 0xF0, 0x00, 0x3F,
  0xFF, 0xFF, 0xE0, 0x07, 0xFF, 0xFF, 0xFF, 0x80, 0x3F, 0xFF, 0xFF, 0xFE,
  0x03, 0xFF, 0xFF, 0xFF, 0xF0, 0x3F, 0xFF, 0xFF, 0xFF, 0xC3, 0xFF, 0xE0,
  0x1F, 0xFF, 0x1F, 0xFC, 0x00, 0x7F, 0xF9, 0xFF, 0xC0, 0x01, 0xFF, 0xE7,
  0xFE, 0x00, 0x07, 0xFF, 0x1F, 0xE0, 0x00, 0x3F, 0xF8, 0x7F, 0x00, 0x01,
  0xFF, 0xC0, 0xF0, 0x00, 0x07, 0xFF, 0x03, 0x80, 0x00, 0x3F, 0xF8, 0x0C,
  0x00, 0x01, 0xFF, 0xC0, 0x00, 0x00, 0x0F, 0xFE, 0x00, 0x00, 0x00, 0x7F,
  0xE0, 0x00, 0x00, 0x07, 0xFF, 0x00, 0x00, 0x00, 0x3F, 0xF8, 0x00, 0x00,
  0x03, 0xFF, 0xC0, 0x00, 0x00, 0x1F, 0xFC, 0x00, 0x00, 0x01, 0xFF, 0xE0,
  0x00, 0x00, 0x0F, 0xFF, 0x00, 0x00, 0x00, 0xFF, 0xF0, 0x00, 0x00, 0x0F,
  0xFF, 0x80, 0x00, 0x00, 0xFF, 0xF8, 0x00, 0x00, 0x0F, 0xFF, 0x80, 0x00,
  0x00, 0xFF, 0xF8, 0x00, 0x00, 0x0F, 0xFF, 0xC0, 0x00, 0x00, 0xFF, 0xFC,
  0x00, 0x00, 0x0F, 0xFF, 0xC0, 0x00, 0x00, 0xFF, 0xFC, 0x00, 0x00, 0x0F,
  0xFF, 0xC0, 0x00, 0x00, 0xFF, 0xFC, 0x00, 0x00, 0x0F, 0xFF, 0xC0, 0x00,
  0x00, 0x7F, 0xFC, 0x00, 0x00, 0x07, 0xFF, 0xC0, 0x00, 0x00, 0x7F, 0xFC,
  0x00, 0x00, 0x07, 0xFF, 0xC0, 0x00, 0x00, 0x7F, 0xFC, 0x00, 0x00, 0x03,
  0xFF, 0xC0, 0x00, 0x00, 0x3F, 0xFC, 0x00, 0x00, 0x03, 0xFF, 0xC0, 0x00,
  0x00, 0x1F, 0xFC, 0x00, 0x00, 0x01, 0xFF, 0xC0, 0x00, 0x00, 0x1F, 0xFE,
  0x00, 0x00, 0x00, 0xFF, 0xE0, 0x00, 0x00, 0x0F, 0xFF, 0x00, 0x00, 0x06,
  0x7F, 0xFF, 0xFF, 0xFF, 0xF7, 0xFF, 0xFF, 0xFF, 0xFF, 0xBF, 0xFF, 0xFF,
  0xFF, 0xFF, 0xFF, 0xFF, 0xFF, 0xFF, 0xFF, 0xFF, 0xFF, 0xFF, 0xFF, 0xFF,
  0xFF, 0xFF, 0xFF, 0xFF, 0xFF, 0xFF, 0xFF, 0xFF, 0xFF, 0xFF, 0xFF, 0xFF,
  0xFF, 0xFF, 0xFF, 0xFF, 0xFF, 0xF0, 0x00, 0x00, 0x20, 0x00, 0x00, 0x00,
  0x7F, 0xFE, 0x00, 0x00, 0x07, 0xFF, 0xFE, 0x00, 0x00, 0x7F, 0xFF, 0xFE,
  0x00, 0x03, 0xFF, 0xFF, 0xFE, 0x00, 0x1F, 0xFF, 0xFF, 0xFC, 0x01, 0xFF,
  0xFF, 0xFF, 0xF8, 0x0F, 0xFF, 0xFF, 0xFF, 0xE0, 0x1F, 0xFF, 0xFF, 0xFF,
  0xC0, 0x3F, 0xF8, 0x1F, 0xFF, 0x80, 0x7F, 0x80, 0x1F, 0xFE, 0x01, 0xFC,
  0x00, 0x3F, 0xF8, 0x03, 0xC0, 0x00, 0x7F, 0xF0, 0x06, 0x00, 0x01, 0xFF,
  0xC0, 0x08, 0x00, 0x07, 0xFF, 0x00, 0x00, 0x00, 0x0F, 0xFC, 0x00, 0x00,
  0x00, 0x3F, 0xF0, 0x00, 0x00, 0x00, 0xFF, 0xC0, 0x00, 0x00, 0x07, 0xFF,
  0x00, 0x00, 0x00, 0x1F, 0xFC, 0x00, 0x00, 0x00, 0x7F, 0xF0, 0x00, 0x00,
  0x03, 0xFF, 0x80, 0x00, 0x00, 0x1F, 0xFE, 0x00, 0x00, 0x01, 0xFF, 0xF0,
  0x00, 0x00, 0x1F, 0xFF, 0x80, 0x00, 0x7F, 0xFF, 0xFE, 0x00, 0x01, 0xFF,
  0xFF, 0xF0, 0x00, 0x07, 0xFF, 0xFF, 0x00, 0x00, 0x1F, 0xFF, 0xF0, 0x00,
  0x00, 0x7F, 0xFF, 0xE0, 0x00, 0x01, 0xFF, 0xFF, 0xE0, 0x00, 0x07, 0xFF,
  0xFF, 0xC0, 0x00, 0x1F, 0xFF, 0xFF, 0x80, 0x00, 0x7F, 0xFF, 0xFF, 0x00,
  0x00, 0x00, 0xFF, 0xFE, 0x00, 0x00, 0x00, 0xFF, 0xF8, 0x00, 0x00, 0x00,
  0xFF, 0xF0, 0x00, 0x00, 0x01, 0xFF, 0xC0, 0x00, 0x00, 0x03, 0xFF, 0x80,
  0x00, 0x00, 0x0F, 0xFE, 0x00, 0x00, 0x00, 0x1F, 0xF8, 0x00, 0x00, 0x00,
  0x7F, 0xE0, 0x00, 0x00, 0x01, 0xFF, 0x80, 0x00, 0x00, 0x07, 0xFF, 0x00,
  0x00, 0x00, 0x1F, 0xFC, 0x04, 0x00, 0x00, 0x7F, 0xE0, 0x18, 0x00, 0x01,
  0xFF, 0x80, 0xE0, 0x00, 0x0F, 0xFE, 0x07, 0xC0, 0x00, 0x3F, 0xF8, 0x3F,
  0x00, 0x01, 0xFF, 0xE0, 0xFE, 0x00, 0x0F, 0xFF, 0x07, 0xFE, 0x00, 0x7F,
  0xFC, 0x3F, 0xFE, 0x07, 0xFF, 0xF1, 0xFF, 0xFF, 0xFF, 0xFF, 0x8F, 0xFF,
  0xFF, 0xFF, 0xFC, 0x1F, 0xFF, 0xFF, 0xFF, 0xF0, 0x3F, 0xFF, 0xFF, 0xFF,
  0x80, 0x3F, 0xFF, 0xFF, 0xFC, 0x00, 0x7F, 0xFF, 0xFF, 0xC0, 0x00, 0xFF,
  0xFF, 0xFE, 0x00, 0x00, 0x7F, 0xFF, 0xE0, 0x00, 0x00, 0x3F, 0xF8, 0x00,
  0x00, 0x00, 0x00, 0x00, 0x7F, 0x80, 0x00, 0x00, 0x00, 0x3F, 0xC0, 0x00,
  0x00, 0x00, 0x3F, 0xE0, 0x00, 0x00, 0x00, 0x3F, 0xF0, 0x00, 0x00, 0x00,
  0x1F, 0xF8, 0x00, 0x00, 0x00, 0x1F, 0xFC, 0x00, 0x00, 0x00, 0x1F, 0xFE,
  0x00, 0x00, 0x00, 0x0F, 0xFF, 0x00, 0x00, 0x00, 0x0F, 0xFF, 0x80, 0x00,
  0x00, 0x0F, 0xFF, 0xC0, 0x00, 0x00, 0x07, 0xFF, 0xE0, 0x00, 0x00, 0x07,
  0xFF, 0xF0, 0x00, 0x00, 0x07, 0xFF, 0xF8, 0x00, 0x00, 0x03, 0xFF, 0xFC,
  0x00, 0x00, 0x03, 0xFF, 0xFE, 0x00, 0x00, 0x03, 0xFF, 0xFF, 0x00, 0x00,
  0x01, 0xFF, 0xFF, 0x80, 0x00, 0x01, 0xFF, 0xFF, 0xC0, 0x00, 0x01, 0xFF,
  0xFF, 0xE0, 0x00, 0x00, 0xFF, 0xFF, 0xF0, 0x00, 0x00, 0xFF, 0xDF, 0xF8,
  0x00, 0x00, 0xFF, 0xCF, 0xFC, 0x00, 0x00, 0x7F, 0xE7, 0xFE, 0x00, 0x00,
  0x7F, 0xE3, 0xFF, 0x00, 0x00, 0x7F, 0xE1, 0xFF, 0x80, 0x00, 0x3F, 0xE0,
  0xFF, 0xC0, 0x00, 0x3F, 0xF0, 0x7F, 0xE0, 0x00, 0x3F, 0xF0, 0x3F, 0xF0,
  0x00, 0x1F, 0xF0, 0x1F, 0xF8, 0x00, 0x1F, 0xF8, 0x0F, 0xFC, 0x00, 0x1F,
  0xF8, 0x07, 0xFE, 0x00, 0x0F, 0xF8, 0x03, 0xFF, 0x00, 0x0F, 0xFC, 0x01,
  0xFF, 0x80, 0x0F, 0xFC, 0x00, 0xFF, 0xC0, 0x07, 0xFC, 0x00, 0x7F, 0xE0,
  0x07, 0xFE, 0x00, 0x3F, 0xF0, 0x07, 0xFF, 0xFF, 0xFF, 0xFF, 0xFB, 0xFF,
  0xFF, 0xFF, 0xFF, 0xFF, 0xFF, 0xFF, 0xFF, 0xFF, 0xFF, 0xFF, 0xFF, 0xFF,
  0xFF, 0xFF, 0xFF, 0xFF, 0xFF, 0xFF, 0xFF, 0xFF, 0xFF, 0xFF, 0xFF, 0xFF,
  0xFF, 0xFF, 0xFF, 0xFF, 0xFF, 0xFF, 0xFF, 0xFF, 0xFF, 0xFF, 0xFF, 0xFF,
  0xFF, 0xFF, 0xFF, 0xF8, 0x00, 0x00, 0x1F, 0xFC, 0x00, 0x00, 0x00, 0x0F,
  0xFE, 0x00, 0x00, 0x00, 0x07, 0xFF, 0x00, 0x00, 0x00, 0x03, 0xFF, 0x80,
  0x00, 0x00, 0x01, 0xFF, 0xC0, 0x00, 0x00, 0x00, 0xFF, 0xE0, 0x00, 0x00,
  0x00, 0x7F, 0xF0, 0x00, 0x00, 0x00, 0x3F, 0xF8, 0x00, 0x00, 0x00, 0x1F,
  0xFC, 0x00, 0x00, 0x00, 0x0F, 0xFE, 0x00, 0x00, 0x00, 0x07, 0xFF, 0x00,
  0x00, 0x00, 0x03, 0xFF, 0x80, 0x00, 0x00, 0x01, 0xFF, 0xC0, 0x00, 0x00,
  0x00, 0xFF, 0xE0, 0x00, 0x00, 0x00, 0x7F, 0xF0, 0x00, 0x07, 0xFF, 0xFF,
  0xFF, 0xF8, 0x1F, 0xFF, 0xFF, 0xFF, 0xE0, 0x7F, 0xFF, 0xFF, 0xFF, 0x81,
  0xFF, 0xFF, 0xFF, 0xFE, 0x07, 0xFF, 0xFF, 0xFF, 0xF8, 0x1F, 0xFF, 0xFF,
  0xFF, 0xE0, 0x7F, 0xFF, 0xFF, 0xFF, 0x81, 0xFF, 0xFF, 0xFF, 0xFE, 0x0F,
  0xFF, 0xFF, 0xFF, 0xF8, 0x3F, 0xF0, 0x00, 0x00, 0x00, 0xFF, 0xC0, 0x00,
  0x00, 0x03, 0xFF, 0x00, 0x00, 0x00, 0x0F, 0xFC, 0x00, 0x00, 0x00, 0x3F,
  0xF0, 0x00, 0x00, 0x00, 0xFF, 0xC0, 0x00, 0x00, 0x03, 0xFF, 0x00, 0x00,
  0x00, 0x0F, 0xFC, 0x00, 0x00, 0x00, 0x3F, 0xF0, 0x00, 0x00, 0x00, 0xFF,
  0xC0, 0x00, 0x00, 0x03, 0xFF, 0x00, 0x00, 0x00, 0x0F, 0xFD, 0xFF, 0x80,
  0x00, 0x3F, 0xFF, 0xFF, 0xC0, 0x01, 0xFF, 0xFF, 0xFF, 0xC0, 0x07, 0xFF,
  0xFF, 0xFF, 0x80, 0x1F, 0xFF, 0xFF, 0xFF, 0x80, 0x7F, 0xFF, 0xFF, 0xFF,
  0x01, 0xFF, 0xFF, 0xFF, 0xFC, 0x07, 0xFF, 0xFF, 0xFF, 0xF8, 0x1F, 0xFF,
  0xFF, 0xFF, 0xF0, 0x7F, 0xF8, 0x07, 0xFF, 0xC1, 0xFF, 0x80, 0x0F, 0xFF,
  0x87, 0xFC, 0x00, 0x1F, 0xFE, 0x03, 0xE0, 0x00, 0x3F, 0xF8, 0x03, 0x00,
  0x00, 0x7F, 0xF0, 0x00, 0x00, 0x01, 0xFF, 0xC0, 0x00, 0x00, 0x07, 0xFF,
  0x00, 0x00, 0x00, 0x0F, 0xFC, 0x00, 0x00, 0x00, 0x3F, 0xF0, 0x00, 0x00,
  0x00, 0xFF, 0xC0, 0x00, 0x00, 0x03, 0xFF, 0x00, 0x00, 0x00, 0x0F, 0xFC,
  0x00, 0x00, 0x00, 0x3F, 0xF0, 0x00, 0x00, 0x00, 0xFF, 0xC0, 0x00, 0x00,
  0x03, 0xFF, 0x00, 0x80, 0x00, 0x1F, 0xFC, 0x0E, 0x00, 0x00, 0x7F, 0xF0,
  0x7C, 0x00, 0x01, 0xFF, 0xC3, 0xF0, 0x00, 0x0F, 0xFE, 0x3F, 0xE0, 0x00,
  0x3F, 0xF9, 0xFF, 0xC0, 0x01, 0xFF, 0xEF, 0xFF, 0x80, 0x0F, 0xFF, 0x1F,
  0xFF, 0x80, 0xFF, 0xFC, 0x7F, 0xFF, 0xFF, 0xFF, 0xE0, 0xFF, 0xFF, 0xFF,
  0xFF, 0x01, 0xFF, 0xFF, 0xFF, 0xFC, 0x03, 0xFF, 0xFF, 0xFF, 0xE0, 0x07,
  0xFF, 0xFF, 0xFF, 0x00, 0x0F, 0xFF, 0xFF, 0xF0, 0x00, 0x0F, 0xFF, 0xFF,
  0x80, 0x00, 0x0F, 0xFF, 0xF8, 0x00, 0x00, 0x03, 0xFF, 0x00, 0x00, 0x00,
  0x00, 0x04, 0x00, 0x00, 0x00, 0x03, 0xFF, 0xC0, 0x00, 0x00, 0x7F, 0xFF,
  0xC0, 0x00, 0x03, 0xFF, 0xFF, 0xC0, 0x00, 0x3F, 0xFF, 0xFF, 0x80, 0x01,
  0xFF, 0xFF, 0xFF, 0x80, 0x0F, 0xFF, 0xFF, 0xFF, 0x00, 0x7F, 0xFF, 0xFF,
  0xFC, 0x03, 0xFF, 0xFF, 0xFF, 0xE0, 0x0F, 0xFF, 0x83, 0xFF, 0x00, 0x7F,
  0xF8, 0x03, 0xF8, 0x03, 0xFF, 0xC0, 0x07, 0xC0, 0x0F, 0xFE, 0x00, 0x0E,
  0x00, 0x7F, 0xF0, 0x00, 0x30, 0x01, 0xFF, 0x80, 0x00, 0x00, 0x07, 0xFE,
  0x00, 0x00, 0x00, 0x3F, 0xF0, 0x00, 0x00, 0x00, 0xFF, 0xC0, 0x00, 0x00,
  0x03, 0xFF, 0x00, 0x00, 0x00, 0x1F, 0xF8, 0x00, 0x00, 0x00, 0x7F, 0xE0,
  0x00, 0x00, 0x01, 0xFF, 0x81, 0xFC, 0x00, 0x07, 0xFE, 0x3F, 0xFE, 0x00,
  0x1F, 0xF9, 0xFF, 0xFE, 0x00, 0xFF, 0xDF, 0xFF, 0xFC, 0x03, 0xFF, 0xFF,
  0xFF, 0xF8, 0x0F, 0xFF, 0xFF, 0xFF, 0xF0, 0x3F, 0xFF, 0xFF, 0xFF, 0xE0,
  0xFF, 0xFF, 0xFF, 0xFF, 0xC3, 0xFF, 0xFF, 0xFF, 0xFF, 0x8F, 0xFF, 0xF8,
  0x3F, 0xFE, 0x3F, 0xFF, 0x80, 0x3F, 0xFC, 0xFF, 0xF8, 0x00, 0x7F, 0xF3,
  0xFF, 0xC0, 0x01, 0xFF, 0xCF, 0xFE, 0x00, 0x03, 0xFF, 0xBF, 0xF8, 0x00,
  0x0F, 0xFE, 0xFF, 0xE0, 0x00, 0x1F, 0xFB, 0xFF, 0x80, 0x00, 0x7F, 0xEF,
  0xFE, 0x00, 0x01, 0xFF, 0xFF, 0xF8, 0x00, 0x07, 0xFF, 0xFF, 0xE0, 0x00,
  0x1F, 0xFF, 0xFF, 0x80, 0x00, 0x7F, 0xF7, 0xFE, 0x00, 0x01, 0xFF, 0xDF,
  0xF8, 0x00, 0x07, 0xFF, 0x7F, 0xF0, 0x00, 0x1F, 0xF9, 0xFF, 0xC0, 0x00,
  0x7F, 0xE3, 0xFF, 0x00, 0x03, 0xFF, 0x8F, 0xFE, 0x00, 0x0F, 0xFE, 0x3F,
  0xFC, 0x00, 0x7F, 0xF8, 0x7F, 0xF0, 0x01, 0xFF, 0xC1, 0xFF, 0xF0, 0x0F,
  0xFF, 0x03, 0xFF, 0xE0, 0xFF, 0xF8, 0x0F, 0xFF, 0xFF, 0xFF, 0xE0, 0x1F,
  0xFF, 0xFF, 0xFF, 0x00, 0x7F, 0xFF, 0xFF, 0xF8, 0x00, 0xFF, 0xFF, 0xFF,
  0xE0, 0x01, 0xFF, 0xFF, 0xFF, 0x00, 0x03, 0xFF, 0xFF, 0xF8, 0x00, 0x07,
  0xFF, 0xFF, 0xC0, 0x00, 0x0F, 0xFF, 0xFC, 0x00, 0x00, 0x0F, 0xFF, 0xC0,
  0x00, 0x00, 0x07, 0xF8, 0x00, 0x00, 0xFF, 0xFF, 0xFF, 0xFF, 0xFF, 0xFF,
  0xFF, 0xFF, 0xFF, 0xFF, 0xFF, 0xFF, 0xFF, 0xFF, 0xFF, 0xFF, 0xFF, 0xFF,
  0xFF, 0xFF, 0xFF, 0xFF, 0xFF, 0xFF, 0xFF, 0xFF, 0xFF, 0xFF, 0xFF, 0xFF,
  0xFF, 0xFF, 0xFF, 0xFF, 0xFE, 0xFF, 0xFF, 0xFF, 0xFF, 0xC0, 0x00, 0x00,
  0x3F, 0xF8, 0x00, 0x00, 0x0F, 0xFE, 0x00, 0x00, 0x01, 0xFF, 0xC0, 0x00,
  0x00, 0x7F, 0xF0, 0x00, 0x00, 0x0F, 0xFE, 0x00, 0x00, 0x01, 0xFF, 0xC0,
  0x00, 0x00, 0x7F, 0xF0, 0x00, 0x00, 0x0F, 0xFE, 0x00, 0x00, 0x03, 0xFF,
  0x80, 0x00, 0x00, 0x7F, 0xF0, 0x00, 0x00, 0x0F, 0xFE, 0x00, 0x00, 0x03,
  0xFF, 0x80, 0x00, 0x00, 0x7F, 0xF0, 0x00, 0x00, 0x1F, 0xFC, 0x00, 0x00,
  0x03, 0xFF, 0x80, 0x00, 0x00, 0x7F, 0xF0, 0x00, 0x00, 0x1F, 0xFC, 0x00,
  0x00, 0x03, 0xFF, 0x80, 0x00, 0x00, 0xFF, 0xE0, 0x00, 0x00, 0x1F, 0xFC,
  0x00, 0x00, 0x03, 0xFF, 0x80, 0x00, 0x00, 0xFF, 0xE0, 0x00, 0x00, 0x1F,
  0xFC, 0x00, 0x00, 0x03, 0xFF, 0x80, 0x00, 0x00, 0xFF, 0xE0, 0x00, 0x00,
  0x1F, 0xFC, 0x00, 0x00, 0x03, 0xFF, 0x80, 0x00, 0x00, 0xFF, 0xE0, 0x00,
  0x00, 0x1F, 0xFC, 0x00, 0x00, 0x03, 0xFF, 0x80, 0x00, 0x00, 0xFF, 0xE0,
  0x00, 0x00, 0x1F, 0xFC, 0x00, 0x00, 0x07, 0xFF, 0x80, 0x00, 0x00, 0xFF,
  0xE0, 0x00, 0x00, 0x1F, 0xFC, 0x00, 0x00, 0x07, 0xFF, 0x80, 0x00, 0x00,
  0xFF, 0xE0, 0x00, 0x00, 0x1F, 0xFC, 0x00, 0x00, 0x07, 0xFF, 0x80, 0x00,
  0x00, 0xFF, 0xE0, 0x00, 0x00, 0x1F, 0xFC, 0x00, 0x00, 0x07, 0xFF, 0x80,
  0x00, 0x00, 0xFF, 0xE0, 0x00, 0x00, 0x1F, 0xFC, 0x00, 0x00, 0x07, 0xFF,
  0x80, 0x00, 0x00, 0xFF, 0xE0, 0x00, 0x00, 0x1F, 0xFC, 0x00, 0x00, 0x07,
  0xFF, 0x80, 0x00, 0x00, 0xFF, 0xE0, 0x00, 0x00, 0x1F, 0xFC, 0x00, 0x00,
  0x00, 0x00, 0x00, 0xFF, 0x80, 0x00, 0x00, 0x0F, 0xFF, 0xE0, 0x00, 0x00,
  0x7F, 0xFF, 0xF0, 0x00, 0x03, 0xFF, 0xFF, 0xF0, 0x00, 0x0F, 0xFF, 0xFF,
  0xF0, 0x00, 0x3F, 0xFF, 0xFF, 0xF0, 0x00, 0xFF, 0xFF, 0xFF, 0xF0, 0x03,
  0xFF, 0xFF, 0xFF, 0xF0, 0x07, 0xFF, 0xFF, 0xFF, 0xE0, 0x1F, 0xFF, 0x07,
  0xFF, 0xE0, 0x3F, 0xF8, 0x03, 0xFF, 0xC0, 0xFF, 0xF0, 0x03, 0xFF, 0xC1,
  0xFF, 0xC0, 0x03, 0xFF, 0x83, 0xFF, 0x80, 0x07, 0xFF, 0x07, 0xFE, 0x00,
  0x0F, 0xFE, 0x0F, 0xFC, 0x00, 0x0F, 0xFC, 0x1F, 0xF8, 0x00, 0x3F, 0xF8,
  0x3F, 0xF8, 0x00, 0x7F, 0xF0, 0x7F, 0xF0, 0x00, 0xFF, 0xE0, 0xFF, 0xF0,
  0x03, 0xFF, 0x80, 0xFF, 0xF0, 0x07, 0xFF, 0x01, 0xFF, 0xF0, 0x1F, 0xFC,
  0x01, 0xFF, 0xF0, 0x7F, 0xF8, 0x03, 0xFF, 0xF9, 0xFF, 0xE0, 0x03, 0xFF,
  0xFF, 0xFF, 0x80, 0x03, 0xFF, 0xFF, 0xFE, 0x00, 0x03, 0xFF, 0xFF, 0xF8,
  0x00, 0x03, 0xFF, 0xFF, 0xE0, 0x00, 0x03, 0xFF, 0xFF, 0x80, 0x00, 0x07,
  0xFF, 0xFF, 0x80, 0x00, 0x3F, 0xFF, 0xFF, 0x80, 0x00, 0xFF, 0xFF, 0xFF,
  0xC0, 0x03, 0xFF, 0xFF, 0xFF, 0xC0, 0x0F, 0xFF, 0xFF, 0xFF, 0xC0, 0x3F,
  0xFE, 0x1F, 0xFF, 0xC0, 0xFF, 0xF0, 0x1F, 0xFF, 0x81, 0xFF, 0xC0, 0x0F,
  0xFF, 0x87, 0xFF, 0x00, 0x0F, 0xFF, 0x1F, 0xFE, 0x00, 0x0F, 0xFF, 0x3F,
  0xF8, 0x00, 0x0F, 0xFE, 0x7F, 0xF0, 0x00, 0x1F, 0xFF, 0xFF, 0xC0, 0x00,
  0x1F, 0xFF, 0xFF, 0x80, 0x00, 0x3F, 0xFF, 0xFF, 0x00, 0x00, 0x7F, 0xFF,
  0xFE, 0x00, 0x00, 0xFF, 0xFF, 0xFC, 0x00, 0x01, 0xFF, 0xFF, 0xFC, 0x00,
  0x03, 0xFF, 0xFF, 0xF8, 0x00, 0x0F, 0xFF, 0xFF, 0xF8, 0x00, 0x1F, 0xFE,
  0xFF, 0xF0, 0x00, 0x7F, 0xF9, 0xFF, 0xF8, 0x01, 0xFF, 0xF3, 0xFF, 0xFC,
  0x0F, 0xFF, 0xE3, 0xFF, 0xFF, 0xFF, 0xFF, 0x87, 0xFF, 0xFF, 0xFF, 0xFE,
  0x07, 0xFF, 0xFF, 0xFF, 0xFC, 0x07, 0xFF, 0xFF, 0xFF, 0xF0, 0x07, 0xFF,
  0xFF, 0xFF, 0xC0, 0x07, 0xFF, 0xFF, 0xFF, 0x00, 0x07, 0xFF, 0xFF, 0xF8,
  0x00, 0x03, 0xFF, 0xFF, 0xE0, 0x00, 0x01, 0xFF, 0xFF, 0x00, 0x00, 0x00,
  0x7F, 0xF0, 0x00, 0x00, 0x00, 0x03, 0xFE, 0x00, 0x00, 0x00, 0x7F, 0xFE,
  0x00, 0x00, 0x03, 0xFF, 0xFE, 0x00, 0x00, 0x3F, 0xFF, 0xFC, 0x00, 0x01,
  0xFF, 0xFF, 0xFC, 0x00, 0x0F, 0xFF, 0xFF, 0xF8, 0x00, 0x7F, 0xFF, 0xFF,
  0xE0, 0x03, 0xFF, 0xFF, 0xFF, 0xC0, 0x1F, 0xFF, 0xFF, 0xFF, 0x80, 0x7F,
  0xFF, 0xFF, 0xFE, 0x03, 0xFF, 0xF0, 0xFF, 0xFC, 0x0F, 0xFF, 0x00, 0xFF,
  0xF8, 0x7F, 0xF8, 0x01, 0xFF, 0xE1, 0xFF, 0xC0, 0x03, 0xFF, 0x87, 0xFF,
  0x00, 0x07, 0xFF, 0x1F, 0xF8, 0x00, 0x1F, 0xFC, 0xFF, 0xE0, 0x00, 0x3F,
  0xF3, 0xFF, 0x80, 0x00, 0xFF, 0xEF, 0xFE, 0x00, 0x03, 0xFF, 0xBF, 0xF0,
  0x00, 0x07, 0xFE, 0xFF, 0xC0, 0x00, 0x1F, 0xFB, 0xFF, 0x00, 0x00, 0x7F,
  0xEF, 0xFC, 0x00, 0x01, 0xFF, 0xBF, 0xF8, 0x00, 0x07, 0xFF, 0xFF, 0xE0,
  0x00, 0x1F, 0xFF, 0xFF, 0x80, 0x00, 0x7F, 0xF7, 0xFE, 0x00, 0x01, 0xFF,
  0xDF, 0xFC, 0x00, 0x0F, 0xFF, 0x7F, 0xF0, 0x00, 0x7F, 0xFD, 0xFF, 0xE0,
  0x03, 0xFF, 0xF3, 0xFF, 0xC0, 0x1F, 0xFF, 0xCF, 0xFF, 0xC1, 0xFF, 0xFF,
  0x1F, 0xFF, 0xFF, 0xFF, 0xFC, 0x3F, 0xFF, 0xFF, 0xFF, 0xF0, 0xFF, 0xFF,
  0xFF, 0xFF, 0xC1, 0xFF, 0xFF, 0xFF, 0xFE, 0x03, 0xFF, 0xFF, 0xFF, 0xF8,
  0x07, 0xFF, 0xFF, 0xFF, 0xE0, 0x07, 0xFF, 0xF9, 0xFF, 0x80, 0x07, 0xFF,
  0x87, 0xFE, 0x00, 0x07, 0xF8, 0x1F, 0xF8, 0x00, 0x00, 0x00, 0xFF, 0xE0,
  0x00, 0x00, 0x03, 0xFF, 0x00, 0x00, 0x00, 0x0F, 0xFC, 0x00, 0x00, 0x00,
  0x3F, 0xF0, 0x00, 0x00, 0x01, 0xFF, 0x80, 0x00, 0x00, 0x07, 0xFE, 0x00,
  0x00, 0x00, 0x3F, 0xF8, 0x01, 0x80, 0x00, 0xFF, 0xC0, 0x0F, 0x00, 0x07,
  0xFF, 0x00, 0x3C, 0x00, 0x3F, 0xF8, 0x01, 0xF8, 0x01, 0xFF, 0xE0, 0x0F,
  0xF8, 0x1F, 0xFF, 0x00, 0x7F, 0xFF, 0xFF, 0xFC, 0x03, 0xFF, 0xFF, 0xFF,
  0xE0, 0x1F, 0xFF, 0xFF, 0xFF, 0x00, 0x1F, 0xFF, 0xFF, 0xF8, 0x00, 0x3F,
  0xFF, 0xFF, 0xC0, 0x00, 0x7F, 0xFF, 0xFE, 0x00, 0x00, 0x7F, 0xFF, 0xE0,
  0x00, 0x00, 0x7F, 0xFE, 0x00, 0x00, 0x00, 0x3F, 0xE0, 0x00, 0x00, 0x0F,
  0xC0, 0x7F, 0x87, 0xFF, 0x1F, 0xFE, 0xFF, 0xFF, 0xFF, 0xFF, 0xFF, 0xFF,
  0xFF, 0xFF, 0xFD, 0xFF, 0xE3, 0xFF, 0x07, 0xF8, 0x0F, 0xC0, 0x00, 0x00,
  0x00, 0x00, 0x00, 0x00, 0x00, 0x00, 0x00, 0x00, 0x00, 0x00, 0x00, 0x00,
  0x00, 0x00, 0x00, 0x00, 0x00, 0x00, 0x00, 0x00, 0x00, 0x00, 0x00, 0x00,
  0x00, 0x00, 0x3E, 0x01, 0xFE, 0x0F, 0xFC, 0x7F, 0xFB, 0xFF, 0xFF, 0xFF,
  0xFF, 0xFF, 0xFF, 0xFF, 0xFF, 0xF7, 0xFF, 0x9F, 0xFC, 0x3F, 0xE0, 0x3F,
  0x00, 0x03, 0xF0, 0x03, 0xFC, 0x07, 0xFF, 0x03, 0xFF, 0xC3, 0xFF, 0xF1,
  0xFF, 0xF8, 0xFF, 0xFC, 0x7F, 0xFE, 0x3F, 0xFF, 0x0F, 0xFF, 0x03, 0xFF,
  0x00, 0xFF, 0x00, 0x3F, 0x00, 0x00, 0x00, 0x00, 0x00, 0x00, 0x00, 0x00,
  0x00, 0x00, 0x00, 0x00, 0x00, 0x00, 0x00, 0x00, 0x00, 0x00, 0x00, 0x00,
  0x00, 0x00, 0x00, 0x00, 0x00, 0x00, 0x00, 0x00, 0x00, 0x00, 0x00, 0x00,
  0x00, 0x00, 0x00, 0x04, 0x00, 0x1F, 0xE0, 0x1F, 0xF8, 0x1F, 0xFE, 0x1F,
  0xFF, 0x0F, 0xFF, 0xC7, 0xFF, 0xE3, 0xFF, 0xF9, 0xFF, 0xFC, 0x7F, 0xFE,
  0x3F, 0xFF, 0x0F, 0xFF, 0x01, 0xFF, 0x80, 0xFF, 0xC0, 0x7F, 0xC0, 0x3F,
  0xE0, 0x1F, 0xF0, 0x1F, 0xF0, 0x1F, 0xF0, 0x0F, 0xF8, 0x0F, 0xF8, 0x0F,
  0xF8, 0x0F, 0xF8, 0x0F, 0xFC, 0x01, 0xFC, 0x00, 0x7C, 0x00, 0x1C, 0x00,
  0x04, 0x00, 0x00, 0x00, 0x00, 0x00, 0x00, 0x00, 0x80, 0x00, 0x00, 0x00,
  0x01, 0xC0, 0x00, 0x00, 0x00, 0x03, 0xE0, 0x00, 0x00, 0x00, 0x07, 0xF0,
  0x00, 0x00, 0x00, 0x0F, 0xF8, 0x00, 0x00, 0x00, 0x0F, 0xFC, 0x00, 0x00,
  0x00, 0x1F, 0xFE, 0x00, 0x00, 0x00, 0x3F, 0xFF, 0x00, 0x00, 0x00, 0x7F,
  0xFF, 0x80, 0x00, 0x00, 0xFF, 0xFF, 0xC0, 0x00, 0x01, 0xFF, 0xFF, 0x80,
  0x00, 0x03, 0xFF, 0xFF, 0x00, 0x00, 0x07, 0xFF, 0xFE, 0x00, 0x00, 0x0F,
  0xFF, 0xFC, 0x00, 0x00, 0x0F, 0xFF, 0xF8, 0x00, 0x00, 0x1F, 0xFF, 0xF0,
  0x00, 0x00, 0x3F, 0xFF, 0xE0, 0x00, 0x00, 0x7F, 0xFF, 0xC0, 0x00, 0x00,
  0xFF, 0xFF, 0x80, 0x00, 0x01, 0xFF, 0xFF, 0x00, 0x00, 0x03, 0xFF, 0xFE,
  0x00, 0x00, 0x07, 0xFF, 0xFC, 0x00, 0x00, 0x03, 0xFF, 0xF8, 0x00, 0x00,
  0x01, 0xFF, 0xF0, 0x00, 0x00, 0x00, 0xFF, 0xE0, 0x00, 0x00, 0x00, 0x7F,
  0xFC, 0x00, 0x00, 0x00, 0x3F, 0xFF, 0x80, 0x00, 0x00, 0x0F, 0xFF, 0xF0,
  0x00, 0x00, 0x03, 0xFF, 0xFE, 0x00, 0x00, 0x00, 0x7F, 0xFF, 0x80, 0x00,
  0x00, 0x0F, 0xFF, 0xF0, 0x00, 0x00, 0x03, 0xFF, 0xFE, 0x00, 0x00, 0x00,
  0x7F, 0xFF, 0xC0, 0x00, 0x00, 0x0F, 0xFF, 0xF0, 0x00, 0x00, 0x03, 0xFF,
  0xFE, 0x00, 0x00, 0x00, 0x7F, 0xFF, 0xC0, 0x00, 0x00, 0x0F, 0xFF, 0xF8,
  0x00, 0x00, 0x01, 0xFF, 0xFF, 0x00, 0x00, 0x00, 0x7F, 0xFF, 0xC0, 0x00,
  0x00, 0x0F, 0xFF, 0xF8, 0x00, 0x00, 0x01, 0xFF, 0xFF, 0x00, 0x00, 0x00,
  0x7F, 0xFF, 0xC0, 0x00, 0x00, 0x0F, 0xFF, 0xE0, 0x00, 0x00, 0x01, 0xFF,
  0xF0, 0x00, 0x00, 0x00, 0x7F, 0xF8, 0x00, 0x00, 0x00, 0x0F, 0xFC, 0x00,
  0x00, 0x00, 0x01, 0xFE, 0x00, 0x00, 0x00, 0x00, 0x3F, 0x00, 0x00, 0x00,
  0x00, 0x0F, 0x80, 0x00, 0x00, 0x00, 0x01, 0xC0, 0x00, 0x00, 0x00, 0x00,
  0x20, 0xFF, 0xFF, 0xFF, 0xFF, 0xFF, 0xFF, 0xFF, 0xFF, 0xFF, 0xFF, 0xFF,
  0xFF, 0xFF, 0xFF, 0xFF, 0xFF, 0xFF, 0xFF, 0xFF, 0xFF, 0xFF, 0xFF, 0xFF,
  0xFF, 0xFF, 0xFF, 0xFF, 0xFF, 0xFF, 0xFF, 0xFF, 0xFF, 0xFF, 0xFF, 0xFF,
  0xFF, 0xFF, 0xFF, 0xFF, 0xFF, 0xFF, 0xFF, 0xFF, 0xFF, 0xFF, 0x00, 0x00,
  0x00, 0x00, 0x00, 0x00, 0x00, 0x00, 0x00, 0x00, 0x00, 0x00, 0x00, 0x00,
  0x00, 0x00, 0x00, 0x00, 0x00, 0x00, 0x00, 0x00, 0x00, 0x00, 0x00, 0x00,
  0x00, 0x00, 0x00, 0x00, 0x00, 0x00, 0x00, 0x00, 0x00, 0x00, 0x00, 0x00,
  0x00, 0x00, 0x00, 0x00, 0x00, 0x00, 0x00, 0x00, 0x00, 0x00, 0x00, 0x00,
  0xFF, 0xFF, 0xFF, 0xFF, 0xFF, 0xFF, 0xFF, 0xFF, 0xFF, 0xFF, 0xFF, 0xFF,
  0xFF, 0xFF, 0xFF, 0xFF, 0xFF, 0xFF, 0xFF, 0xFF, 0xFF, 0xFF, 0xFF, 0xFF,
  0xFF, 0xFF, 0xFF, 0xFF, 0xFF, 0xFF, 0xFF, 0xFF, 0xFF, 0xFF, 0xFF, 0xFF,
  0xFF, 0xFF, 0xFF, 0xFF, 0xFF, 0xFF, 0xFF, 0xFF, 0xFF, 0x80, 0x00, 0x00,
  0x00, 0x00, 0x18, 0x00, 0x00, 0x00, 0x00, 0x07, 0x80, 0x00, 0x00, 0x00,
  0x01, 0xF8, 0x00, 0x00, 0x00, 0x00, 0x7F, 0x80, 0x00, 0x00, 0x00, 0x1F,
  0xF8, 0x00, 0x00, 0x00, 0x07, 0xFF, 0x80, 0x00, 0x00, 0x01, 0xFF, 0xF8,
  0x00, 0x00, 0x00, 0x7F, 0xFF, 0x80, 0x00, 0x00, 0x1F, 0xFF, 0xF0, 0x00,
  0x00, 0x01, 0xFF, 0xFF, 0x00, 0x00, 0x00, 0x1F, 0xFF, 0xF0, 0x00, 0x00,
  0x03, 0xFF, 0xFF, 0x00, 0x00, 0x00, 0x3F, 0xFF, 0xF0, 0x00, 0x00, 0x03,
  0xFF, 0xFF, 0x00, 0x00, 0x00, 0x3F, 0xFF, 0xF0, 0x00, 0x00, 0x03, 0xFF,
  0xFF, 0x00, 0x00, 0x00, 0x3F, 0xFF, 0xF0, 0x00, 0x00, 0x03, 0xFF, 0xFF,
  0x00, 0x00, 0x00, 0x3F, 0xFF, 0xE0, 0x00, 0x00, 0x03, 0xFF, 0xFE, 0x00,
  0x00, 0x00, 0x3F, 0xFF, 0xE0, 0x00, 0x00, 0x03, 0xFF, 0xFC, 0x00, 0x00,
  0x00, 0x3F, 0xFF, 0x00, 0x00, 0x00, 0x03, 0xFF, 0xC0, 0x00, 0x00, 0x03,
  0xFF, 0xF0, 0x00, 0x00, 0x03, 0xFF, 0xFC, 0x00, 0x00, 0x01, 0xFF, 0xFE,
  0x00, 0x00, 0x01, 0xFF, 0xFE, 0x00, 0x00, 0x01, 0xFF, 0xFF, 0x00, 0x00,
  0x01, 0xFF, 0xFF, 0x00, 0x00, 0x00, 0xFF, 0xFF, 0x00, 0x00, 0x00, 0xFF,
  0xFF, 0x80, 0x00, 0x00, 0xFF, 0xFF, 0x80, 0x00, 0x00, 0xFF, 0xFF, 0x80,
  0x00, 0x00, 0x7F, 0xFF, 0x80, 0x00, 0x00, 0x7F, 0xFF, 0xC0, 0x00, 0x00,
  0x7F, 0xFF, 0xC0, 0x00, 0x00, 0x7F, 0xFF, 0xC0, 0x00, 0x00, 0x3F, 0xFF,
  0xE0, 0x00, 0x00, 0x3F, 0xFF, 0xE0, 0x00, 0x00, 0x3F, 0xFF, 0xE0, 0x00,
  0x00, 0x0F, 0xFF, 0xF0, 0x00, 0x00, 0x03, 0xFF, 0xF0, 0x00, 0x00, 0x00,
  0xFF, 0xF0, 0x00, 0x00, 0x00, 0x3F, 0xF0, 0x00, 0x00, 0x00, 0x0F, 0xF8,
  0x00, 0x00, 0x00, 0x03, 0xF8, 0x00, 0x00, 0x00, 0x00, 0xF8, 0x00, 0x00,
  0x00, 0x00, 0x3C, 0x00, 0x00, 0x00, 0x00, 0x0C, 0x00, 0x00, 0x00, 0x00,
  0x00, 0x00, 0x01, 0xFF, 0x00, 0x00, 0x00, 0x7F, 0xFF, 0x00, 0x00, 0x0F,
  0xFF, 0xFE, 0x00, 0x01, 0xFF, 0xFF, 0xF8, 0x00, 0x3F, 0xFF, 0xFF, 0xF0,
  0x03, 0xFF, 0xFF, 0xFF, 0xC0, 0x3F, 0xFF, 0xFF, 0xFE, 0x03, 0xFF, 0xFF,
  0xFF, 0xF8, 0x3F, 0xFF, 0xFF, 0xFF, 0xE3, 0xFF, 0xF0, 0x0F, 0xFF, 0x1F,
  0xFE, 0x00, 0x3F, 0xFD, 0xFF, 0xE0, 0x00, 0xFF, 0xE7, 0xFE, 0x00, 0x07,
  0xFF, 0x1F, 0xE0, 0x00, 0x1F, 0xF8, 0x7E, 0x00, 0x00, 0xFF, 0xE1, 0xF0,
  0x00, 0x07, 0xFF, 0x03, 0x00, 0x00, 0x3F, 0xF8, 0x08, 0x00, 0x01, 0xFF,
  0xC0, 0x00, 0x00, 0x0F, 0xFE, 0x00, 0x00, 0x00, 0x7F, 0xF0, 0x00, 0x00,
  0x03, 0xFF, 0x00, 0x00, 0x00, 0x3F, 0xF8, 0x00, 0x00, 0x01, 0xFF, 0xC0,
  0x00, 0x00, 0x1F, 0xFC, 0x00, 0x00, 0x01, 0xFF, 0xE0, 0x00, 0x00, 0x1F,
  0xFE, 0x00, 0x00, 0x01, 0xFF, 0xF0, 0x00, 0x00, 0x1F, 0xFF, 0x00, 0x00,
  0x01, 0xFF, 0xF0, 0x00, 0x00, 0x1F, 0xFF, 0x00, 0x00, 0x00, 0xFF, 0xF0,
  0x00, 0x00, 0x0F, 0xFE, 0x00, 0x00, 0x00, 0xFF, 0xE0, 0x00, 0x00, 0x07,
  0xFE, 0x00, 0x00, 0x00, 0x3F, 0xE0, 0x00, 0x00, 0x03, 0xFF, 0x00, 0x00,
  0x00, 0x1F, 0xF8, 0x00, 0x00, 0x00, 0xFF, 0x80, 0x00, 0x00, 0x07, 0xFC,
  0x00, 0x00, 0x00, 0x3F, 0xE0, 0x00, 0x00, 0x01, 0xFF, 0x00, 0x00, 0x00,
  0x0F, 0xF8, 0x00, 0x00, 0x00, 0x7F, 0xC0, 0x00, 0x00, 0x03, 0xFE, 0x00,
  0x00, 0x00, 0x1F, 0xF0, 0x00, 0x00, 0x00, 0xFF, 0x80, 0x00, 0x00, 0x00,
  0x00, 0x00, 0x00, 0x00, 0x00, 0x00, 0x00, 0x00, 0x00, 0x00, 0x00, 0x00,
  0x00, 0x00, 0x00, 0x00, 0x00, 0x00, 0x00, 0x00, 0x00, 0x00, 0x00, 0x00,
  0x00, 0x00, 0x00, 0x07, 0xC0, 0x00, 0x00, 0x00, 0xFF, 0x80, 0x00, 0x00,
  0x0F, 0xFE, 0x00, 0x00, 0x00, 0x7F, 0xF8, 0x00, 0x00, 0x07, 0xFF, 0xC0,
  0x00, 0x00, 0x3F, 0xFF, 0x00, 0x00, 0x01, 0xFF, 0xF8, 0x00, 0x00, 0x0F,
  0xFF, 0xC0, 0x00, 0x00, 0x7F, 0xFC, 0x00, 0x00, 0x03, 0xFF, 0xE0, 0x00,
  0x00, 0x0F, 0xFE, 0x00, 0x00, 0x00, 0x3F, 0xE0, 0x00, 0x00, 0x00, 0x7C,
  0x00, 0x00, 0x00, 0x00, 0x1F, 0xF0, 0x00, 0x00, 0x00, 0x3F, 0xFF, 0xC0,
  0x00, 0x00, 0x3F, 0xFF, 0xFC, 0x00, 0x00, 0x3F, 0xFF, 0xFF, 0x80, 0x00,
  0x1F, 0xFF, 0xFF, 0xF0, 0x00, 0x0F, 0xFF, 0xFF, 0xFE, 0x00, 0x07, 0xFF,
  0xFF, 0xFF, 0xC0, 0x03, 0xFF, 0xC0, 0xFF, 0xF8, 0x01, 0xFF, 0xC0, 0x0F,
  0xFE, 0x00, 0xFF, 0xC0, 0x00, 0xFF, 0xC0, 0x7F, 0xE0, 0x00, 0x1F, 0xF0,
  0x1F, 0xF0, 0x00, 0x07, 0xFE, 0x0F, 0xFC, 0x00, 0x00, 0xFF, 0x83, 0xFE,
  0x00, 0x00, 0x3F, 0xE1, 0xFF, 0x00, 0x00, 0x07, 0xF8, 0x7F, 0xC0, 0x00,
  0x01, 0xFF, 0x3F, 0xE0, 0x00, 0x00, 0x7F, 0xCF, 0xF8, 0x00, 0x07, 0xFF,
  0xF3, 0xFE, 0x00, 0x1F, 0xFF, 0xFC, 0xFF, 0x00, 0x3F, 0xFF, 0xFF, 0x7F,
  0xC0, 0x1F, 0xFF, 0xFF, 0xDF, 0xF0, 0x1F, 0xFF, 0xFF, 0xF7, 0xFC, 0x0F,
  0xFF, 0xFF, 0xFD, 0xFE, 0x03, 0xFF, 0xFF, 0xFF, 0x7F, 0x81, 0xFF, 0xF8,
  0x3F, 0xDF, 0xE0, 0x7F, 0xF0, 0x0F, 0xFF, 0xF8, 0x3F, 0xF8, 0x03, 0xFF,
  0xFE, 0x0F, 0xFC, 0x00, 0xFF, 0xFF, 0x83, 0xFE, 0x00, 0x7F, 0xFF, 0xE1,
  0xFF, 0x80, 0x1F, 0xFF, 0xF8, 0x7F, 0xC0, 0x07, 0xFF, 0xFE, 0x1F, 0xF0,
  0x01, 0xFF, 0xFF, 0x87, 0xFC, 0x00, 0x7F, 0xFF, 0xE1, 0xFF, 0x80, 0x1F,
  0xF7, 0xF8, 0x3F, 0xE0, 0x0F, 0xFD, 0xFE, 0x0F, 0xF8, 0x03, 0xFF, 0x7F,
  0xC3, 0xFF, 0x01, 0xFF, 0xDF, 0xF0, 0xFF, 0xE0, 0xFF, 0xF7, 0xFC, 0x1F,
  0xFF, 0xFF, 0xFD, 0xFF, 0x03, 0xFF, 0xFF, 0xFF, 0x7F, 0xE0, 0xFF, 0xFF,
  0xFF, 0xCF, 0xF8, 0x1F, 0xFF, 0xFF, 0xF3, 0xFF, 0x03, 0xFF, 0xFB, 0xFC,
  0xFF, 0xC0, 0x3F, 0xFC, 0xFF, 0x1F, 0xF8, 0x03, 0xF8, 0x00, 0x07, 0xFE,
  0x00, 0x00, 0x00, 0x00, 0xFF, 0xC0, 0x00, 0x00, 0x00, 0x3F, 0xF8, 0x00,
  0x00, 0x00, 0x07, 0xFF, 0x00, 0x00, 0x00, 0x01, 0xFF, 0xE0, 0x00, 0x02,
  0x00, 0x3F, 0xFC, 0x00, 0x01, 0x80, 0x0F, 0xFF, 0xC0, 0x01, 0xF0, 0x01,
  0xFF, 0xFE, 0x03, 0xFC, 0x00, 0x3F, 0xFF, 0xFF, 0xFF, 0x80, 0x07, 0xFF,
  0xFF, 0xFF, 0xE0, 0x00, 0xFF, 0xFF, 0xFF, 0xFC, 0x00, 0x1F, 0xFF, 0xFF,
  0xFF, 0x00, 0x01, 0xFF, 0xFF, 0xFF, 0x00, 0x00, 0x1F, 0xFF, 0xFF, 0x80,
  0x00, 0x01, 0xFF, 0xFF, 0x80, 0x00, 0x00, 0x0F, 0xFE, 0x00, 0x00, 0x00,
  0x00, 0x0F, 0xC0, 0x00, 0x00, 0x00, 0x00, 0x3F, 0x80, 0x00, 0x00, 0x00,
  0x00, 0x7F, 0x00, 0x00, 0x00, 0x00, 0x00, 0xFF, 0x00, 0x00, 0x00, 0x00,
  0x03, 0xFE, 0x00, 0x00, 0x00, 0x00, 0x07, 0xFC, 0x00, 0x00, 0x00, 0x00,
  0x0F, 0xFC, 0x00, 0x00, 0x00, 0x00, 0x3F, 0xF8, 0x00, 0x00, 0x00, 0x00,
  0x7F, 0xF8, 0x00, 0x00, 0x00, 0x00, 0xFF, 0xF0, 0x00, 0x00, 0x00, 0x03,
  0xFF, 0xE0, 0x00, 0x00, 0x00, 0x07, 0xFF, 0xE0, 0x00, 0x00, 0x00, 0x0F,
  0xFF, 0xC0, 0x00, 0x00, 0x00, 0x3F, 0xFF, 0x80, 0x00, 0x00, 0x00, 0x7F,
  0xFF, 0x80, 0x00, 0x00, 0x00, 0xFF, 0xFF, 0x00, 0x00, 0x00, 0x03, 0xFF,
  0xFE, 0x00, 0x00, 0x00, 0x07, 0xFF, 0xFE, 0x00, 0x00, 0x00, 0x0F, 0xFF,
  0xFC, 0x00, 0x00, 0x00, 0x3F, 0xEF, 0xFC, 0x00, 0x00, 0x00, 0x7F, 0xDF,
  0xF8, 0x00, 0x00, 0x00, 0xFF, 0x9F, 0xF0, 0x00, 0x00, 0x03, 0xFF, 0x3F,
  0xF0, 0x00, 0x00, 0x07, 0xFC, 0x7F, 0xE0, 0x00, 0x00, 0x0F, 0xF8, 0x7F,
  0xC0, 0x00, 0x00, 0x3F, 0xF0, 0xFF, 0xC0, 0x00, 0x00, 0x7F, 0xC1, 0xFF,
  0x80, 0x00, 0x00, 0xFF, 0x81, 0xFF, 0x00, 0x00, 0x03, 0xFF, 0x03, 0xFF,
  0x00, 0x00, 0x07, 0xFE, 0x07, 0xFE, 0x00, 0x00, 0x0F, 0xF8, 0x07, 0xFC,
  0x00, 0x00, 0x3F, 0xF0, 0x0F, 0xFC, 0x00, 0x00, 0x7F, 0xE0, 0x1F, 0xF8,
  0x00, 0x00, 0xFF, 0x80, 0x3F, 0xF8, 0x00, 0x03, 0xFF, 0x00, 0x3F, 0xF0,
  0x00, 0x07, 0xFE, 0x00, 0x7F, 0xE0, 0x00, 0x0F, 0xF8, 0x00, 0xFF, 0xE0,
  0x00, 0x3F, 0xF0, 0x00, 0xFF, 0xC0, 0x00, 0x7F, 0xFF, 0xFF, 0xFF, 0x80,
  0x00, 0xFF, 0xFF, 0xFF, 0xFF, 0x80, 0x03, 0xFF, 0xFF, 0xFF, 0xFF, 0x00,
  0x07, 0xFF, 0xFF, 0xFF, 0xFE, 0x00, 0x0F, 0xFF, 0xFF, 0xFF, 0xFE, 0x00,
  0x3F, 0xFF, 0xFF, 0xFF, 0xFC, 0x00, 0x7F, 0xFF, 0xFF, 0xFF, 0xFC, 0x00,
  0xFF, 0xC0, 0x00, 0x3F, 0xF8, 0x03, 0xFF, 0x80, 0x00, 0x7F, 0xF0, 0x07,
  0xFF, 0x00, 0x00, 0x7F, 0xF0, 0x0F, 0xFC, 0x00, 0x00, 0xFF, 0xE0, 0x3F,
  0xF8, 0x00, 0x01, 0xFF, 0xC0, 0x7F, 0xF0, 0x00, 0x01, 0xFF, 0xC0, 0xFF,
  0xC0, 0x00, 0x03, 0xFF, 0x83, 0xFF, 0x80, 0x00, 0x07, 0xFF, 0x07, 0xFF,
  0x00, 0x00, 0x07, 0xFF, 0x0F, 0xFE, 0x00, 0x00, 0x0F, 0xFE, 0x3F, 0xF8,
  0x00, 0x00, 0x1F, 0xFC, 0x7F, 0xF0, 0x00, 0x00, 0x1F, 0xFC, 0xFF, 0xE0,
  0x00, 0x00, 0x3F, 0xFB, 0xFF, 0x80, 0x00, 0x00, 0x3F, 0xFF, 0xFF, 0x00,
  0x00, 0x00, 0x7F, 0xF0, 0xFF, 0xFF, 0xC0, 0x00, 0x00, 0xFF, 0xFF, 0xFF,
  0xC0, 0x00, 0xFF, 0xFF, 0xFF, 0xF8, 0x00, 0xFF, 0xFF, 0xFF, 0xFE, 0x00,
  0xFF, 0xFF, 0xFF, 0xFF, 0x80, 0xFF, 0xFF, 0xFF, 0xFF, 0xC0, 0xFF, 0xFF,
  0xFF, 0xFF, 0xE0, 0xFF, 0xFF, 0xFF, 0xFF, 0xF0, 0xFF, 0xFF, 0xFF, 0xFF,
  0xF0, 0xFF, 0xC0, 0x03, 0xFF, 0xF8, 0xFF, 0xC0, 0x00, 0xFF, 0xF8, 0xFF,
  0xC0, 0x00, 0x7F, 0xFC, 0xFF, 0xC0, 0x00, 0x3F, 0xFC, 0xFF, 0xC0, 0x00,
  0x1F, 0xFC, 0xFF, 0xC0, 0x00, 0x1F, 0xFC, 0xFF, 0xC0, 0x00, 0x1F, 0xFC,
  0xFF, 0xC0, 0x00, 0x1F, 0xFC, 0xFF, 0xC0, 0x00, 0x1F, 0xFC, 0xFF, 0xC0,
  0x00, 0x1F, 0xFC, 0xFF, 0xC0, 0x00, 0x3F, 0xF8, 0xFF, 0xC0, 0x00, 0x3F,
  0xF8, 0xFF, 0xC0, 0x00, 0xFF, 0xF0, 0xFF, 0xC0, 0x03, 0xFF, 0xF0, 0xFF,
  0xFF, 0xFF, 0xFF, 0xE0, 0xFF, 0xFF, 0xFF, 0xFF, 0xC0, 0xFF, 0xFF, 0xFF,
  0xFF, 0x80, 0xFF, 0xFF, 0xFF, 0xFF, 0x00, 0xFF, 0xFF, 0xFF, 0xFE, 0x00,
  0xFF, 0xFF, 0xFF, 0xFF, 0x80, 0xFF, 0xFF, 0xFF, 0xFF, 0xC0, 0xFF, 0xFF,
  0xFF, 0xFF, 0xE0, 0xFF, 0xFF, 0xFF, 0xFF, 0xF0, 0xFF, 0xC0, 0x01, 0xFF,
  0xF8, 0xFF, 0xC0, 0x00, 0x7F, 0xFC, 0xFF, 0xC0, 0x00, 0x1F, 0xFC, 0xFF,
  0xC0, 0x00, 0x1F, 0xFE, 0xFF, 0xC0, 0x00, 0x0F, 0xFE, 0xFF, 0xC0, 0x00,
  0x07, 0xFF, 0xFF, 0xC0, 0x00, 0x07, 0xFF, 0xFF, 0xC0, 0x00, 0x07, 0xFF,
  0xFF, 0xC0, 0x00, 0x07, 0xFF, 0xFF, 0xC0, 0x00, 0x07, 0xFF, 0xFF, 0xC0,
  0x00, 0x07, 0xFF, 0xFF, 0xC0, 0x00, 0x07, 0xFF, 0xFF, 0xC0, 0x00, 0x07,
  0xFF, 0xFF, 0xC0, 0x00, 0x07, 0xFF, 0xFF, 0xC0, 0x00, 0x0F, 0xFF, 0xFF,
  0xC0, 0x00, 0x1F, 0xFE, 0xFF, 0xC0, 0x00, 0x3F, 0xFE, 0xFF, 0xC0, 0x00,
  0x7F, 0xFE, 0xFF, 0xFF, 0xFF, 0xFF, 0xFC, 0xFF, 0xFF, 0xFF, 0xFF, 0xF8,
  0xFF, 0xFF, 0xFF, 0xFF, 0xF8, 0xFF, 0xFF, 0xFF, 0xFF, 0xF0, 0xFF, 0xFF,
  0xFF, 0xFF, 0xC0, 0xFF, 0xFF, 0xFF, 0xFF, 0x80, 0xFF, 0xFF, 0xFF, 0xFE,
  0x00, 0xFF, 0xFF, 0xFF, 0xF8, 0x00, 0xFF, 0xFF, 0xFF, 0x00, 0x00, 0x00,
  0x00, 0x1F, 0xF0, 0x00, 0x00, 0x00, 0x3F, 0xFF, 0xC0, 0x00, 0x00, 0x1F,
  0xFF, 0xFE, 0x00, 0x00, 0x0F, 0xFF, 0xFF, 0xF0, 0x00, 0x03, 0xFF, 0xFF,
  0xFF, 0x00, 0x00, 0xFF, 0xFF, 0xFF, 0xF0, 0x00, 0x3F, 0xFF, 0xFF, 0xFF,
  0x00, 0x0F, 0xFF, 0xFF, 0xFF, 0xF0, 0x03, 0xFF, 0xFF, 0xFF, 0xFF, 0x00,
  0xFF, 0xFC, 0x03, 0xFF, 0xE0, 0x1F, 0xFE, 0x00, 0x1F, 0xFE, 0x07, 0xFF,
  0x80, 0x01, 0xFF, 0xE0, 0xFF, 0xE0, 0x00, 0x1F, 0xFC, 0x3F, 0xFC, 0x00,
  0x03, 0xFF, 0xC7, 0xFF, 0x00, 0x00, 0x3F, 0xE1, 0xFF, 0xE0, 0x00, 0x07,
  0xF0, 0x3F, 0xF8, 0x00, 0x00, 0x78, 0x07, 0xFF, 0x00, 0x00, 0x0C, 0x01,
  0xFF, 0xC0, 0x00, 0x01, 0x00, 0x3F, 0xF8, 0x00, 0x00, 0x00, 0x07, 0xFF,
  0x00, 0x00, 0x00, 0x00, 0xFF, 0xE0, 0x00, 0x00, 0x00, 0x3F, 0xF8, 0x00,
  0x00, 0x00, 0x07, 0xFF, 0x00, 0x00, 0x00, 0x00, 0xFF, 0xE0, 0x00, 0x00,
  0x00, 0x1F, 0xFC, 0x00, 0x00, 0x00, 0x03, 0xFF, 0x80, 0x00, 0x00, 0x00,
  0x7F, 0xF0, 0x00, 0x00, 0x00, 0x0F, 0xFE, 0x00, 0x00, 0x00, 0x01, 0xFF,
  0xC0, 0x00, 0x00, 0x00, 0x3F, 0xF8, 0x00, 0x00, 0x00, 0x07, 0xFF, 0x00,
  0x00, 0x00, 0x00, 0xFF, 0xE0, 0x00, 0x00, 0x00, 0x1F, 0xFC, 0x00, 0x00,
  0x00, 0x03, 0xFF, 0x80, 0x00, 0x00, 0x00, 0x7F, 0xF0, 0x00, 0x00, 0x00,
  0x0F, 0xFE, 0x00, 0x00, 0x00, 0x01, 0xFF, 0xC0, 0x00, 0x00, 0x00, 0x3F,
  0xF8, 0x00, 0x00, 0x00, 0x07, 0xFF, 0x00, 0x00, 0x00, 0x00, 0xFF, 0xF0,
  0x00, 0x00, 0x00, 0x0F, 0xFE, 0x00, 0x00, 0x00, 0x01, 0xFF, 0xC0, 0x00,
  0x00, 0x00, 0x3F, 0xFC, 0x00, 0x00, 0x00, 0x07, 0xFF, 0x80, 0x00, 0x00,
  0x00, 0x7F, 0xF0, 0x00, 0x00, 0x00, 0x0F, 0xFF, 0x00, 0x00, 0x08, 0x01,
  0xFF, 0xE0, 0x00, 0x03, 0xC0, 0x1F, 0xFE, 0x00, 0x00, 0xFE, 0x03, 0xFF,
  0xE0, 0x00, 0x3F, 0xE0, 0x3F, 0xFE, 0x00, 0x0F, 0xFF, 0x07, 0xFF, 0xE0,
  0x03, 0xFF, 0xE0, 0x7F, 0xFE, 0x00, 0xFF, 0xF8, 0x07, 0xFF, 0xFF, 0xFF,
  0xFE, 0x00, 0x7F, 0xFF, 0xFF, 0xFF, 0xC0, 0x0F, 0xFF, 0xFF, 0xFF, 0xF0,
  0x00, 0xFF, 0xFF, 0xFF, 0xFC, 0x00, 0x07, 0xFF, 0xFF, 0xFE, 0x00, 0x00,
  0x7F, 0xFF, 0xFF, 0x80, 0x00, 0x03, 0xFF, 0xFF, 0xE0, 0x00, 0x00, 0x1F,
  0xFF, 0xE0, 0x00, 0x00, 0x00, 0x7F, 0xF0, 0x00, 0x00, 0xFF, 0xFE, 0x00,
  0x00, 0x00, 0x7F, 0xFF, 0xFF, 0x80, 0x00, 0x3F, 0xFF, 0xFF, 0xF8, 0x00,
  0x1F, 0xFF, 0xFF, 0xFF, 0x00, 0x0F, 0xFF, 0xFF, 0xFF, 0xE0, 0x07, 0xFF,
  0xFF, 0xFF, 0xF8, 0x03, 0xFF, 0xFF, 0xFF, 0xFE, 0x01, 0xFF, 0xFF, 0xFF,
  0xFF, 0x80, 0xFF, 0xFF, 0xFF, 0xFF, 0xE0, 0x7F, 0xE0, 0x0F, 0xFF, 0xF0,
  0x3F, 0xF0, 0x00, 0xFF, 0xFC, 0x1F, 0xF8, 0x00, 0x1F, 0xFF, 0x0F, 0xFC,
  0x00, 0x07, 0xFF, 0x87, 0xFE, 0x00, 0x01, 0xFF, 0xE3, 0xFF, 0x00, 0x00,
  0x7F, 0xF1, 0xFF, 0x80, 0x00, 0x3F, 0xF8, 0xFF, 0xC0, 0x00, 0x0F, 0xFE,
  0x7F, 0xE0, 0x00, 0x07, 0xFF, 0x3F, 0xF0, 0x00, 0x01, 0xFF, 0x9F, 0xF8,
  0x00, 0x00, 0xFF, 0xEF, 0xFC, 0x00, 0x00, 0x7F, 0xF7, 0xFE, 0x00, 0x00,
  0x3F, 0xFB, 0xFF, 0x00, 0x00, 0x0F, 0xFD, 0xFF, 0x80, 0x00, 0x07, 0xFE,
  0xFF, 0xC0, 0x00, 0x03, 0xFF, 0x7F, 0xE0, 0x00, 0x01, 0xFF, 0xFF, 0xF0,
  0x00, 0x00, 0xFF, 0xFF, 0xF8, 0x00, 0x00, 0x7F, 0xFF, 0xFC, 0x00, 0x00,
  0x3F, 0xFF, 0xFE, 0x00, 0x00, 0x1F, 0xFF, 0xFF, 0x00, 0x00, 0x0F, 0xFF,
  0xFF, 0x80, 0x00, 0x07, 0xFF, 0xFF, 0xC0, 0x00, 0x03, 0xFF, 0xFF, 0xE0,
  0x00, 0x01, 0xFF, 0xFF, 0xF0, 0x00, 0x00, 0xFF, 0xFF, 0xF8, 0x00, 0x00,
  0x7F, 0xEF, 0xFC, 0x00, 0x00, 0x3F, 0xF7, 0xFE, 0x00, 0x00, 0x3F, 0xFB,
  0xFF, 0x00, 0x00, 0x1F, 0xFD, 0xFF, 0x80, 0x00, 0x0F, 0xFE, 0xFF, 0xC0,
  0x00, 0x07, 0xFF, 0x7F, 0xE0, 0x00, 0x07, 0xFF, 0x3F, 0xF0, 0x00, 0x03,
  0xFF, 0x9F, 0xF8, 0x00, 0x03, 0xFF, 0xCF, 0xFC, 0x00, 0x01, 0xFF, 0xC7,
  0xFE, 0x00, 0x01, 0xFF, 0xE3, 0xFF, 0x00, 0x01, 0xFF, 0xF1, 0xFF, 0x80,
  0x01, 0xFF, 0xF0, 0xFF, 0xC0, 0x03, 0xFF, 0xF8, 0x7F, 0xE0, 0x07, 0xFF,
  0xF8, 0x3F, 0xFF, 0xFF, 0xFF, 0xF8, 0x1F, 0xFF, 0xFF, 0xFF, 0xF8, 0x0F,
  0xFF, 0xFF, 0xFF, 0xF8, 0x07, 0xFF, 0xFF, 0xFF, 0xF8, 0x03, 0xFF, 0xFF,
  0xFF, 0xF8, 0x01, 0xFF, 0xFF, 0xFF, 0xF0, 0x00, 0xFF, 0xFF, 0xFF, 0xE0,
  0x00, 0x7F, 0xFF, 0xFF, 0xC0, 0x00, 0x3F, 0xFF, 0xFE, 0x00, 0x00, 0x00,
  0xFF, 0xFF, 0xFF, 0xFF, 0xFF, 0xFF, 0xFF, 0xFF, 0xFF, 0xFF, 0xFF, 0xFF,
  0xFF, 0xFF, 0xFF, 0xFF, 0xFF, 0xFF, 0xFF, 0xFF, 0xFF, 0xFF, 0xFF, 0xFF,
  0xFF, 0xFF, 0xFF, 0xFF, 0xFF, 0xFF, 0xFF, 0xFF, 0xFF, 0xFF, 0xFF, 0xFF,
  0xFF, 0xFF, 0xFF, 0xFF, 0xFF, 0xFF, 0xFF, 0xFF, 0x80, 0x00, 0x00, 0x0F,
  0xFE, 0x00, 0x00, 0x00, 0x3F, 0xF8, 0x00, 0x00, 0x00, 0xFF, 0xE0, 0x00,
  0x00, 0x03, 0xFF, 0x80, 0x00, 0x00, 0x0F, 0xFE, 0x00, 0x00, 0x00, 0x3F,
  0xF8, 0x00, 0x00, 0x00, 0xFF, 0xE0, 0x00, 0x00, 0x03, 0xFF, 0x80, 0x00,
  0x00, 0x0F, 0xFE, 0x00, 0x00, 0x00, 0x3F, 0xF8, 0x00, 0x00, 0x00, 0xFF,
  0xE0, 0x00, 0x00, 0x03, 0xFF, 0x80, 0x00, 0x00, 0x0F, 0xFE, 0x00, 0x00,
  0x00, 0x3F, 0xF8, 0x00, 0x00, 0x00, 0xFF, 0xFF, 0xFF, 0xFF, 0xC3, 0xFF,
  0xFF, 0xFF, 0xFF, 0x0F, 0xFF, 0xFF, 0xFF, 0xFC, 0x3F, 0xFF, 0xFF, 0xFF,
  0xF0, 0xFF, 0xFF, 0xFF, 0xFF, 0xC3, 0xFF, 0xFF, 0xFF, 0xFF, 0x0F, 0xFF,
  0xFF, 0xFF, 0xFC, 0x3F, 0xFF, 0xFF, 0xFF, 0xF0, 0xFF, 0xFF, 0xFF, 0xFF,
  0xC3, 0xFF, 0x80, 0x00, 0x00, 0x0F, 0xFE, 0x00, 0x00, 0x00, 0x3F, 0xF8,
  0x00, 0x00, 0x00, 0xFF, 0xE0, 0x00, 0x00, 0x03, 0xFF, 0x80, 0x00, 0x00,
  0x0F, 0xFE, 0x00, 0x00, 0x00, 0x3F, 0xF8, 0x00, 0x00, 0x00, 0xFF, 0xE0,
  0x00, 0x00, 0x03, 0xFF, 0x80, 0x00, 0x00, 0x0F, 0xFE, 0x00, 0x00, 0x00,
  0x3F, 0xF8, 0x00, 0x00, 0x00, 0xFF, 0xE0, 0x00, 0x00, 0x03, 0xFF, 0x80,
  0x00, 0x00, 0x0F, 0xFE, 0x00, 0x00, 0x00, 0x3F, 0xF8, 0x00, 0x00, 0x00,
  0xFF, 0xE0, 0x00, 0x00, 0x03, 0xFF, 0x80, 0x00, 0x00, 0x0F, 0xFF, 0xFF,
  0xFF, 0xFF, 0xFF, 0xFF, 0xFF, 0xFF, 0xFF, 0xFF, 0xFF, 0xFF, 0xFF, 0xFF,
  0xFF, 0xFF, 0xFF, 0xFF, 0xFF, 0xFF, 0xFF, 0xFF, 0xFF, 0xFF, 0xFF, 0xFF,
  0xFF, 0xFF, 0xFF, 0xFF, 0xFF, 0xFF, 0xFF, 0xFF, 0xFF, 0xFF, 0xFF, 0xFF,
  0xFF, 0xFF, 0xFF, 0xFF, 0xC0, 0xFF, 0xFF, 0xFF, 0xFF, 0xFF, 0xFF, 0xFF,
  0xFF, 0xFF, 0xFF, 0xFF, 0xFF, 0xFF, 0xFF, 0xFF, 0xFF, 0xFF, 0xFF, 0xFF,
  0xFF, 0xFF, 0xFF, 0xFF, 0xFF, 0xFF, 0xFF, 0xFF, 0xFF, 0xFF, 0xFF, 0xFF,
  0xFF, 0xFF, 0xFF, 0xFF, 0xFF, 0xFF, 0xFF, 0xFF, 0xFF, 0xFF, 0xFF, 0xFF,
  0x00, 0x00, 0x00, 0x3F, 0xF8, 0x00, 0x00, 0x01, 0xFF, 0xC0, 0x00, 0x00,
  0x0F, 0xFE, 0x00, 0x00, 0x00, 0x7F, 0xF0, 0x00, 0x00, 0x03, 0xFF, 0x80,
  0x00, 0x00, 0x1F, 0xFC, 0x00, 0x00, 0x00, 0xFF, 0xE0, 0x00, 0x00, 0x07,
  0xFF, 0x00, 0x00, 0x00, 0x3F, 0xF8, 0x00, 0x00, 0x01, 0xFF, 0xC0, 0x00,
  0x00, 0x0F, 0xFE, 0x00, 0x00, 0x00, 0x7F, 0xF0, 0x00, 0x00, 0x03, 0xFF,
  0x80, 0x00, 0x00, 0x1F, 0xFF, 0xFF, 0xFF, 0xE0, 0xFF, 0xFF, 0xFF, 0xFF,
  0x07, 0xFF, 0xFF, 0xFF, 0xF8, 0x3F, 0xFF, 0xFF, 0xFF, 0xC1, 0xFF, 0xFF,
  0xFF, 0xFE, 0x0F, 0xFF, 0xFF, 0xFF, 0xF0, 0x7F, 0xFF, 0xFF, 0xFF, 0x83,
  0xFF, 0xFF, 0xFF, 0xFC, 0x1F, 0xFF, 0xFF, 0xFF, 0xE0, 0xFF, 0xE0, 0x00,
  0x00, 0x07, 0xFF, 0x00, 0x00, 0x00, 0x3F, 0xF8, 0x00, 0x00, 0x01, 0xFF,
  0xC0, 0x00, 0x00, 0x0F, 0xFE, 0x00, 0x00, 0x00, 0x7F, 0xF0, 0x00, 0x00,
  0x03, 0xFF, 0x80, 0x00, 0x00, 0x1F, 0xFC, 0x00, 0x00, 0x00, 0xFF, 0xE0,
  0x00, 0x00, 0x07, 0xFF, 0x00, 0x00, 0x00, 0x3F, 0xF8, 0x00, 0x00, 0x01,
  0xFF, 0xC0, 0x00, 0x00, 0x0F, 0xFE, 0x00, 0x00, 0x00, 0x7F, 0xF0, 0x00,
  0x00, 0x03, 0xFF, 0x80, 0x00, 0x00, 0x1F, 0xFC, 0x00, 0x00, 0x00, 0xFF,
  0xE0, 0x00, 0x00, 0x07, 0xFF, 0x00, 0x00, 0x00, 0x3F, 0xF8, 0x00, 0x00,
  0x01, 0xFF, 0xC0, 0x00, 0x00, 0x0F, 0xFE, 0x00, 0x00, 0x00, 0x7F, 0xF0,
  0x00, 0x00, 0x03, 0xFF, 0x80, 0x00, 0x00, 0x1F, 0xFC, 0x00, 0x00, 0x00,
  0xFF, 0xE0, 0x00, 0x00, 0x07, 0xFF, 0x00, 0x00, 0x00, 0x3F, 0xF8, 0x00,
  0x00, 0x00, 0x00, 0x00, 0x01, 0x00, 0x00, 0x00, 0x00, 0x1F, 0xFF, 0x00,
  0x00, 0x00, 0x3F, 0xFF, 0xF0, 0x00, 0x00, 0x3F, 0xFF, 0xFF, 0x00, 0x00,
  0x1F, 0xFF, 0xFF, 0xF0, 0x00, 0x0F, 0xFF, 0xFF, 0xFE, 0x00, 0x0F, 0xFF,
  0xFF, 0xFF, 0xC0, 0x07, 0xFF, 0xFF, 0xFF, 0xF8, 0x03, 0xFF, 0xFF, 0xFF,
  0xFF, 0x00, 0xFF, 0xFC, 0x0F, 0xFF, 0xE0, 0x7F, 0xFC, 0x00, 0xFF, 0xF8,
  0x3F, 0xFE, 0x00, 0x1F, 0xFF, 0x0F, 0xFE, 0x00, 0x03, 0xFF, 0x87, 0xFF,
  0x80, 0x00, 0x7F, 0xC1, 0xFF, 0xC0, 0x00, 0x0F, 0xE0, 0xFF, 0xE0, 0x00,
  0x03, 0xF0, 0x3F, 0xF8, 0x00, 0x00, 0x78, 0x1F, 0xFC, 0x00, 0x00, 0x0C,
  0x07, 0xFF, 0x00, 0x00, 0x00, 0x01, 0xFF, 0xC0, 0x00, 0x00, 0x00, 0x7F,
  0xF0, 0x00, 0x00, 0x00, 0x3F, 0xF8, 0x00, 0x00, 0x00, 0x0F, 0xFE, 0x00,
  0x00, 0x00, 0x03, 0xFF, 0x80, 0x00, 0x00, 0x00, 0xFF, 0xE0, 0x00, 0x00,
  0x00, 0x3F, 0xF8, 0x00, 0x00, 0x00, 0x0F, 0xFE, 0x00, 0x00, 0x00, 0x03,
  0xFF, 0x00, 0x00, 0x00, 0x00, 0xFF, 0xC0, 0x00, 0x00, 0x00, 0x3F, 0xF0,
  0x00, 0x00, 0x00, 0x0F, 0xFC, 0x00, 0x00, 0x00, 0x03, 0xFF, 0x00, 0x0F,
  0xFF, 0xFF, 0xFF, 0xC0, 0x03, 0xFF, 0xFF, 0xFF, 0xF0, 0x00, 0xFF, 0xFF,
  0xFF, 0xFE, 0x00, 0x3F, 0xFF, 0xFF, 0xFF, 0x80, 0x0F, 0xFF, 0xFF, 0xFF,
  0xE0, 0x03, 0xFF, 0xFF, 0xFF, 0xF8, 0x00, 0xFF, 0xFF, 0xFF, 0xFE, 0x00,
  0x3F, 0xFF, 0xFF, 0xFF, 0x80, 0x0F, 0xFF, 0xFF, 0xFF, 0xE0, 0x00, 0x00,
  0xFF, 0xDF, 0xFC, 0x00, 0x00, 0x3F, 0xF7, 0xFF, 0x00, 0x00, 0x0F, 0xFD,
  0xFF, 0xC0, 0x00, 0x03, 0xFF, 0x7F, 0xF8, 0x00, 0x00, 0xFF, 0xCF, 0xFE,
  0x00, 0x00, 0x3F, 0xF3, 0xFF, 0xC0, 0x00, 0x0F, 0xFC, 0xFF, 0xF0, 0x00,
  0x03, 0xFF, 0x1F, 0xFE, 0x00, 0x00, 0xFF, 0xC7, 0xFF, 0xC0, 0x00, 0x3F,
  0xF0, 0xFF, 0xF0, 0x00, 0x0F, 0xFC, 0x3F, 0xFF, 0x00, 0x07, 0xFF, 0x07,
  0xFF, 0xE0, 0x07, 0xFF, 0xC0, 0xFF, 0xFF, 0xFF, 0xFF, 0xF0, 0x1F, 0xFF,
  0xFF, 0xFF, 0xFC, 0x07, 0xFF, 0xFF, 0xFF, 0xFF, 0x00, 0xFF, 0xFF, 0xFF,
  0xFF, 0x80, 0x0F, 0xFF, 0xFF, 0xFF, 0x80, 0x01, 0xFF, 0xFF, 0xFF, 0xC0,
  0x00, 0x1F, 0xFF, 0xFF, 0x80, 0x00, 0x01, 0xFF, 0xFF, 0x80, 0x00, 0x00,
  0x0F, 0xFE, 0x00, 0x00, 0xFF, 0xF0, 0x00, 0x0F, 0xFF, 0xFF, 0xE0, 0x00,
  0x0F, 0xFE, 0xFF, 0xE0, 0x00, 0x0F, 0xFE, 0xFF, 0xE0, 0x00, 0x0F, 0xFE,
  0xFF, 0xE0, 0x00, 0x0F, 0xFE, 0xFF, 0xE0, 0x00, 0x0F, 0xFE, 0xFF, 0xE0,
  0x00, 0x0F, 0xFE, 0xFF, 0xE0, 0x00, 0x0F, 0xFE, 0xFF, 0xE0, 0x00, 0x0F,
  0xFE, 0xFF, 0xE0, 0x00, 0x0F, 0xFE, 0xFF, 0xE0, 0x00, 0x0F, 0xFE, 0xFF,
  0xE0, 0x00, 0x0F, 0xFE, 0xFF, 0xE0, 0x00, 0x0F, 0xFE, 0xFF, 0xE0, 0x00,
  0x0F, 0xFE, 0xFF, 0xE0, 0x00, 0x0F, 0xFE, 0xFF, 0xE0, 0x00, 0x0F, 0xFE,
  0xFF, 0xE0, 0x00, 0x0F, 0xFE, 0xFF, 0xE0, 0x00, 0x0F, 0xFE, 0xFF, 0xE0,
  0x00, 0x0F, 0xFE, 0xFF, 0xE0, 0x00, 0x0F, 0xFE, 0xFF, 0xE0, 0x00, 0x0F,
  0xFE, 0xFF, 0xE0, 0x00, 0x0F, 0xFE, 0xFF, 0xE0, 0x00, 0x0F, 0xFE, 0xFF,
  0xE0, 0x00, 0x0F, 0xFE, 0xFF, 0xFF, 0xFF, 0xFF, 0xFE, 0xFF, 0xFF, 0xFF,
  0xFF, 0xFE, 0xFF, 0xFF, 0xFF, 0xFF, 0xFE, 0xFF, 0xFF, 0xFF, 0xFF, 0xFE,
  0xFF, 0xFF, 0xFF, 0xFF, 0xFE, 0xFF, 0xFF, 0xFF, 0xFF, 0xFE, 0xFF, 0xFF,
  0xFF, 0xFF, 0xFE, 0xFF, 0xFF, 0xFF, 0xFF, 0xFE, 0xFF, 0xFF, 0xFF, 0xFF,
  0xFE, 0xFF, 0xE0, 0x00, 0x0F, 0xFE, 0xFF, 0xE0, 0x00, 0x0F, 0xFE, 0xFF,
  0xE0, 0x00, 0x0F, 0xFE, 0xFF, 0xE0, 0x00, 0x0F, 0xFE, 0xFF, 0xE0, 0x00,
  0x0F, 0xFE, 0xFF, 0xE0, 0x00, 0x0F, 0xFE, 0xFF, 0xE0, 0x00, 0x0F, 0xFE,
  0xFF, 0xE0, 0x00, 0x0F, 0xFE, 0xFF, 0xE0, 0x00, 0x0F, 0xFE, 0xFF, 0xE0,
  0x00, 0x0F, 0xFE, 0xFF, 0xE0, 0x00, 0x0F, 0xFE, 0xFF, 0xE0, 0x00, 0x0F,
  0xFE, 0xFF, 0xE0, 0x00, 0x0F, 0xFE, 0xFF, 0xE0, 0x00, 0x0F, 0xFE, 0xFF,
  0xE0, 0x00, 0x0F, 0xFE, 0xFF, 0xE0, 0x00, 0x0F, 0xFE, 0xFF, 0xE0, 0x00,
  0x0F, 0xFE, 0xFF, 0xE0, 0x00, 0x0F, 0xFE, 0xFF, 0xE0, 0x00, 0x0F, 0xFE,
  0xFF, 0xE0, 0x00, 0x0F, 0xFE, 0xFF, 0xE0, 0x00, 0x0F, 0xFE, 0xFF, 0xE0,
  0x00, 0x0F, 0xFE, 0xFF, 0xE0, 0x00, 0x0F, 0xFE, 0xFF, 0xE0, 0x00, 0x0F,
  0xFE, 0xFF, 0xE0, 0x00, 0x0F, 0xFE, 0xFF, 0xE0, 0x00, 0x0F, 0xFE, 0xFF,
  0xFF, 0xFF, 0xFF, 0xBF, 0xFF, 0xFF, 0xFF, 0xEF, 0xFF, 0xFF, 0xFF, 0xFB,
  0xFF, 0xFF, 0xFF, 0xFE, 0xFF, 0xFF, 0xFF, 0xFF, 0xBF, 0xFF, 0xFF, 0xFF,
  0xEF, 0xFF, 0xFF, 0xFF, 0xFB, 0xFF, 0xFF, 0xFF, 0xFE, 0xFF, 0xFF, 0xFF,
  0xFF, 0x80, 0x07, 0xFF, 0x00, 0x00, 0x01, 0xFF, 0xC0, 0x00, 0x00, 0x7F,
  0xF0, 0x00, 0x00, 0x1F, 0xFC, 0x00, 0x00, 0x07, 0xFF, 0x00, 0x00, 0x01,
  0xFF, 0xC0, 0x00, 0x00, 0x7F, 0xF0, 0x00, 0x00, 0x1F, 0xFC, 0x00, 0x00,
  0x07, 0xFF, 0x00, 0x00, 0x01, 0xFF, 0xC0, 0x00, 0x00, 0x7F, 0xF0, 0x00,
  0x00, 0x1F, 0xFC, 0x00, 0x00, 0x07, 0xFF, 0x00, 0x00, 0x01, 0xFF, 0xC0,
  0x00, 0x00, 0x7F, 0xF0, 0x00, 0x00, 0x1F, 0xFC, 0x00, 0x00, 0x07, 0xFF,
  0x00, 0x00, 0x01, 0xFF, 0xC0, 0x00, 0x00, 0x7F, 0xF0, 0x00, 0x00, 0x1F,
  0xFC, 0x00, 0x00, 0x07, 0xFF, 0x00, 0x00, 0x01, 0xFF, 0xC0, 0x00, 0x00,
  0x7F, 0xF0, 0x00, 0x00, 0x1F, 0xFC, 0x00, 0x00, 0x07, 0xFF, 0x00, 0x00,
  0x01, 0xFF, 0xC0, 0x00, 0x00, 0x7F, 0xF0, 0x00, 0x00, 0x1F, 0xFC, 0x00,
  0x00, 0x07, 0xFF, 0x00, 0x00, 0x01, 0xFF, 0xC0, 0x00, 0x00, 0x7F, 0xF0,
  0x00, 0x00, 0x1F, 0xFC, 0x00, 0x00, 0x07, 0xFF, 0x00, 0x00, 0x01, 0xFF,
  0xC0, 0x00, 0x00, 0x7F, 0xF0, 0x00, 0x00, 0x1F, 0xFC, 0x00, 0x00, 0x07,
  0xFF, 0x00, 0x00, 0x01, 0xFF, 0xC0, 0x00, 0x00, 0x7F, 0xF0, 0x00, 0x00,
  0x1F, 0xFC, 0x00, 0x00, 0x07, 0xFF, 0x00, 0x0F, 0xFF, 0xFF, 0xFF, 0xFF,
  0xFF, 0xFF, 0xFF, 0xFF, 0xFF, 0xFF, 0xFF, 0xFF, 0xFF, 0xFF, 0xFF, 0xFF,
  0xFF, 0xFF, 0xFF, 0xFF, 0xFF, 0xFF, 0xFF, 0xFF, 0xFF, 0xFF, 0xFF, 0xFF,
  0xFF, 0xFF, 0xFF, 0xFF, 0xFF, 0xFF, 0xFF, 0xFF, 0xFF, 0xFC, 0x00, 0x1F,
  0xFF, 0xFF, 0xFF, 0xC0, 0x07, 0xFF, 0xFF, 0xFF, 0xF0, 0x01, 0xFF, 0xFF,
  0xFF, 0xFC, 0x00, 0x7F, 0xFF, 0xFF, 0xFF, 0x00, 0x1F, 0xFF, 0xFF, 0xFF,
  0xC0, 0x07, 0xFF, 0xFF, 0xFF, 0xF0, 0x01, 0xFF, 0xFF, 0xFF, 0xFC, 0x00,
  0x7F, 0xFF, 0xFF, 0xFF, 0x00, 0x1F, 0xFF, 0xFF, 0xFF, 0xC0, 0x00, 0x00,
  0xFF, 0xE0, 0x00, 0x00, 0x00, 0x3F, 0xF8, 0x00, 0x00, 0x00, 0x0F, 0xFE,
  0x00, 0x00, 0x00, 0x03, 0xFF, 0x80, 0x00, 0x00, 0x00, 0xFF, 0xE0, 0x00,
  0x00, 0x00, 0x3F, 0xF8, 0x00, 0x00, 0x00, 0x0F, 0xFE, 0x00, 0x00, 0x00,
  0x03, 0xFF, 0x80, 0x00, 0x00, 0x00, 0xFF, 0xE0, 0x00, 0x00, 0x00, 0x3F,
  0xF8, 0x00, 0x00, 0x00, 0x0F, 0xFE, 0x00, 0x00, 0x00, 0x03, 0xFF, 0x80,
  0x00, 0x00, 0x00, 0xFF, 0xE0, 0x00, 0x00, 0x00, 0x3F, 0xF8, 0x00, 0x00,
  0x00, 0x0F, 0xFE, 0x00, 0x00, 0x00, 0x03, 0xFF, 0x80, 0x00, 0x00, 0x00,
  0xFF, 0xE0, 0x00, 0x00, 0x00, 0x3F, 0xF8, 0x00, 0x00, 0x00, 0x0F, 0xFE,
  0x00, 0x00, 0x00, 0x03, 0xFF, 0x80, 0x00, 0x00, 0x00, 0xFF, 0xE0, 0x00,
  0x00, 0x00, 0x3F, 0xF8, 0x00, 0x00, 0x00, 0x0F, 0xFE, 0x00, 0x00, 0x00,
  0x03, 0xFF, 0x80, 0x00, 0x00, 0x00, 0xFF, 0xE0, 0x00, 0x00, 0x00, 0x3F,
  0xF8, 0x00, 0x00, 0x00, 0x0F, 0xFE, 0x00, 0x00, 0x00, 0x03, 0xFF, 0x80,
  0x00, 0x00, 0x00, 0xFF, 0xE0, 0x00, 0x00, 0x00, 0x3F, 0xF8, 0x00, 0x00,
  0x00, 0x0F, 0xFE, 0x00, 0x00, 0x00, 0x03, 0xFF, 0x80, 0x00, 0x00, 0x00,
  0xFF, 0xE0, 0x00, 0x00, 0x00, 0x3F, 0xF8, 0x00, 0x00, 0x00, 0x0F, 0xFE,
  0x00, 0x01, 0x00, 0x03, 0xFF, 0x00, 0x00, 0xC0, 0x00, 0xFF, 0xC0, 0x00,
  0x78, 0x00, 0x7F, 0xF0, 0x00, 0x3E, 0x00, 0x1F, 0xFC, 0x00, 0x0F, 0xC0,
  0x07, 0xFF, 0x00, 0x07, 0xF0, 0x03, 0xFF, 0x80, 0x03, 0xFF, 0x01, 0xFF,
  0xE0, 0x01, 0xFF, 0xFF, 0xFF, 0xF0, 0x00, 0xFF, 0xFF, 0xFF, 0xFC, 0x00,
  0x1F, 0xFF, 0xFF, 0xFE, 0x00, 0x03, 0xFF, 0xFF, 0xFF, 0x00, 0x00, 0x7F,
  0xFF, 0xFF, 0x80, 0x00, 0x07, 0xFF, 0xFF, 0xC0, 0x00, 0x00, 0xFF, 0xFF,
  0xE0, 0x00, 0x00, 0x0F, 0xFF, 0xE0, 0x00, 0x00, 0x00, 0x7F, 0xC0, 0x00,
  0x00, 0x00, 0x00, 0x00, 0x01, 0x00, 0x0F, 0xFF, 0x00, 0x00, 0x3F, 0xFE,
  0xFF, 0xE0, 0x00, 0x07, 0xFF, 0x8F, 0xFE, 0x00, 0x00, 0xFF, 0xF8, 0xFF,
  0xE0, 0x00, 0x1F, 0xFF, 0x0F, 0xFE, 0x00, 0x03, 0xFF, 0xE0, 0xFF, 0xE0,
  0x00, 0x7F, 0xFC, 0x0F, 0xFE, 0x00, 0x07, 0xFF, 0x80, 0xFF, 0xE0, 0x00,
  0xFF, 0xF0, 0x0F, 0xFE, 0x00, 0x1F, 0xFE, 0x00, 0xFF, 0xE0, 0x03, 0xFF,
  0xE0, 0x0F, 0xFE, 0x00, 0x7F, 0xFC, 0x00, 0xFF, 0xE0, 0x0F, 0xFF, 0x80,
  0x0F, 0xFE, 0x00, 0xFF, 0xF0, 0x00, 0xFF, 0xE0, 0x1F, 0xFE, 0x00, 0x0F,
  0xFE, 0x03, 0xFF, 0xC0, 0x00, 0xFF, 0xE0, 0x7F, 0xF8, 0x00, 0x0F, 0xFE,
  0x0F, 0xFF, 0x00, 0x00, 0xFF, 0xE1, 0xFF, 0xF0, 0x00, 0x0F, 0xFE, 0x3F,
  0xFE, 0x00, 0x00, 0xFF, 0xE3, 0xFF, 0xC0, 0x00, 0x0F, 0xFE, 0x7F, 0xF8,
  0x00, 0x00, 0xFF, 0xEF, 0xFF, 0x00, 0x00, 0x0F, 0xFF, 0xFF, 0xE0, 0x00,
  0x00, 0xFF, 0xFF, 0xFC, 0x00, 0x00, 0x0F, 0xFF, 0xFF, 0xC0, 0x00, 0x00,
  0xFF, 0xFF, 0xF8, 0x00, 0x00, 0x0F, 0xFF, 0xFF, 0xC0, 0x00, 0x00, 0xFF,
  0xFF, 0xFC, 0x00, 0x00, 0x0F, 0xFF, 0xFF, 0xE0, 0x00, 0x00, 0xFF, 0xFF,
  0xFF, 0x00, 0x00, 0x0F, 0xFF, 0xFF, 0xF0, 0x00, 0x00, 0xFF, 0xFF, 0xFF,
  0x80, 0x00, 0x0F, 0xFF, 0xBF, 0xFC, 0x00, 0x00, 0xFF, 0xF3, 0xFF, 0xC0,
  0x00, 0x0F, 0xFE, 0x1F, 0xFE, 0x00, 0x00, 0xFF, 0xE0, 0xFF, 0xF0, 0x00,
  0x0F, 0xFE, 0x0F, 0xFF, 0x00, 0x00, 0xFF, 0xE0, 0x7F, 0xF8, 0x00, 0x0F,
  0xFE, 0x07, 0xFF, 0xC0, 0x00, 0xFF, 0xE0, 0x3F, 0xFC, 0x00, 0x0F, 0xFE,
  0x01, 0xFF, 0xE0, 0x00, 0xFF, 0xE0, 0x1F, 0xFF, 0x00, 0x0F, 0xFE, 0x00,
  0xFF, 0xF0, 0x00, 0xFF, 0xE0, 0x07, 0xFF, 0x80, 0x0F, 0xFE, 0x00, 0x7F,
  0xFC, 0x00, 0xFF, 0xE0, 0x03, 0xFF, 0xE0, 0x0F, 0xFE, 0x00, 0x1F, 0xFE,
  0x00, 0xFF, 0xE0, 0x01, 0xFF, 0xF0, 0x0F, 0xFE, 0x00, 0x0F, 0xFF, 0x80,
  0xFF, 0xE0, 0x00, 0x7F, 0xF8, 0x0F, 0xFE, 0x00, 0x07, 0xFF, 0xC0, 0xFF,
  0xE0, 0x00, 0x3F, 0xFE, 0x0F, 0xFE, 0x00, 0x01, 0xFF, 0xE0, 0xFF, 0xE0,
  0x00, 0x1F, 0xFF, 0x0F, 0xFE, 0x00, 0x00, 0xFF, 0xF8, 0xFF, 0xE0, 0x00,
  0x07, 0xFF, 0x8F, 0xFE, 0x00, 0x00, 0x7F, 0xFC, 0xFF, 0xE0, 0x00, 0x03,
  0xFF, 0xEF, 0xFE, 0x00, 0x00, 0x3F, 0xFF, 0xFF, 0xE0, 0x00, 0x00, 0x07,
  0xFF, 0x00, 0x00, 0x00, 0x3F, 0xF8, 0x00, 0x00, 0x01, 0xFF, 0xC0, 0x00,
  0x00, 0x0F, 0xFE, 0x00, 0x00, 0x00, 0x7F, 0xF0, 0x00, 0x00, 0x03, 0xFF,
  0x80, 0x00, 0x00, 0x1F, 0xFC, 0x00, 0x00, 0x00, 0xFF, 0xE0, 0x00, 0x00,
  0x07, 0xFF, 0x00, 0x00, 0x00, 0x3F, 0xF8, 0x00, 0x00, 0x01, 0xFF, 0xC0,
  0x00, 0x00, 0x0F, 0xFE, 0x00, 0x00, 0x00, 0x7F, 0xF0, 0x00, 0x00, 0x03,
  0xFF, 0x80, 0x00, 0x00, 0x1F, 0xFC, 0x00, 0x00, 0x00, 0xFF, 0xE0, 0x00,
  0x00, 0x07, 0xFF, 0x00, 0x00, 0x00, 0x3F, 0xF8, 0x00, 0x00, 0x01, 0xFF,
  0xC0, 0x00, 0x00, 0x0F, 0xFE, 0x00, 0x00, 0x00, 0x7F, 0xF0, 0x00, 0x00,
  0x03, 0xFF, 0x80, 0x00, 0x00, 0x1F, 0xFC, 0x00, 0x00, 0x00, 0xFF, 0xE0,
  0x00, 0x00, 0x07, 0xFF, 0x00, 0x00, 0x00, 0x3F, 0xF8, 0x00, 0x00, 0x01,
  0xFF, 0xC0, 0x00, 0x00, 0x0F, 0xFE, 0x00, 0x00, 0x00, 0x7F, 0xF0, 0x00,
  0x00, 0x03, 0xFF, 0x80, 0x00, 0x00, 0x1F, 0xFC, 0x00, 0x00, 0x00, 0xFF,
  0xE0, 0x00, 0x00, 0x07, 0xFF, 0x00, 0x00, 0x00, 0x3F, 0xF8, 0x00, 0x00,
  0x01, 0xFF, 0xC0, 0x00, 0x00, 0x0F, 0xFE, 0x00, 0x00, 0x00, 0x7F, 0xF0,
  0x00, 0x00, 0x03, 0xFF, 0x80, 0x00, 0x00, 0x1F, 0xFC, 0x00, 0x00, 0x00,
  0xFF, 0xE0, 0x00, 0x00, 0x07, 0xFF, 0x00, 0x00, 0x00, 0x3F, 0xF8, 0x00,
  0x00, 0x01, 0xFF, 0xC0, 0x00, 0x00, 0x0F, 0xFE, 0x00, 0x00, 0x00, 0x7F,
  0xF0, 0x00, 0x00, 0x03, 0xFF, 0x80, 0x00, 0x00, 0x1F, 0xFC, 0x00, 0x00,
  0x00, 0xFF, 0xE0, 0x00, 0x00, 0x07, 0xFF, 0x00, 0x00, 0x00, 0x3F, 0xFF,
  0xFF, 0xFF, 0xFF, 0xFF, 0xFF, 0xFF, 0xFF, 0xFF, 0xFF, 0xFF, 0xFF, 0xFF,
  0xFF, 0xFF, 0xFF, 0xFF, 0xFF, 0xFF, 0xFF, 0xFF, 0xFF, 0xFF, 0xFF, 0xFF,
  0xFF, 0xFF, 0xFF, 0xFF, 0xFF, 0xFF, 0xFF, 0xFF, 0xFF, 0xFF, 0xFF, 0xFF,
  0xFF, 0xFF, 0xFF, 0xFE, 0xFF, 0xE0, 0x00, 0x03, 0xFF, 0xFF, 0xF8, 0x00,
  0x00, 0xFF, 0xFF, 0xFF, 0x00, 0x00, 0x3F, 0xFF, 0xFF, 0xC0, 0x00, 0x1F,
  0xFF, 0xFF, 0xF8, 0x00, 0x07, 0xFF, 0xFF, 0xFE, 0x00, 0x01, 0xFF, 0xFF,
  0xFF, 0x80, 0x00, 0xFF, 0xFF, 0xFF, 0xF0, 0x00, 0x3F, 0xFF, 0xFF, 0xFC,
  0x00, 0x0F, 0xFF, 0xFF, 0xFF, 0x00, 0x07, 0xFF, 0xFF, 0xFF, 0xE0, 0x01,
  0xFF, 0xFF, 0xFF, 0xF8, 0x00, 0xFF, 0xFF, 0xFF, 0xFE, 0x00, 0x3F, 0xFF,
  0xFF, 0xFF, 0xC0, 0x0F, 0xFF, 0xFF, 0xFF, 0xF0, 0x07, 0xFF, 0xFF, 0xFF,
  0xFC, 0x01, 0xFF, 0xFF, 0xFF, 0xFF, 0x80, 0x7F, 0xFF, 0xFF, 0xEF, 0xE0,
  0x3F, 0xFF, 0xFF, 0xFB, 0xF8, 0x0F, 0xEF, 0xFF, 0xFE, 0xFF, 0x03, 0xFB,
  0xFF, 0xFF, 0x9F, 0xC1, 0xFE, 0xFF, 0xFF, 0xE7, 0xF8, 0x7F, 0x3F, 0xFF,
  0xF9, 0xFE, 0x1F, 0xCF, 0xFF, 0xFE, 0x3F, 0x8F, 0xF3, 0xFF, 0xFF, 0x8F,
  0xF3, 0xF8, 0xFF, 0xFF, 0xE3, 0xFC, 0xFE, 0x3F, 0xFF, 0xF8, 0x7F, 0x7F,
  0x8F, 0xFF, 0xFE, 0x1F, 0xFF, 0xC3, 0xFF, 0xFF, 0x83, 0xFF, 0xF0, 0xFF,
  0xFF, 0xE0, 0xFF, 0xF8, 0x3F, 0xFF, 0xF8, 0x3F, 0xFE, 0x0F, 0xFF, 0xFE,
  0x07, 0xFF, 0x83, 0xFF, 0xFF, 0x81, 0xFF, 0xC0, 0xFF, 0xFF, 0xE0, 0x7F,
  0xF0, 0x3F, 0xFF, 0xF8, 0x0F, 0xFC, 0x0F, 0xFF, 0xFE, 0x03, 0xFE, 0x03,
  0xFF, 0xFF, 0x80, 0xFF, 0x80, 0xFF, 0xFF, 0xE0, 0x1F, 0xC0, 0x3F, 0xFF,
  0xF8, 0x00, 0x00, 0x0F, 0xFF, 0xFE, 0x00, 0x00, 0x03, 0xFF, 0xFF, 0x80,
  0x00, 0x00, 0xFF, 0xFF, 0xE0, 0x00, 0x00, 0x3F, 0xFF, 0xF8, 0x00, 0x00,
  0x0F, 0xFF, 0xFE, 0x00, 0x00, 0x03, 0xFF, 0xFF, 0x80, 0x00, 0x00, 0xFF,
  0xFF, 0xE0, 0x00, 0x00, 0x3F, 0xFF, 0xF8, 0x00, 0x00, 0x0F, 0xFF, 0xFE,
  0x00, 0x00, 0x03, 0xFF, 0xFF, 0x80, 0x00, 0x00, 0xFF, 0xFF, 0xE0, 0x00,
  0x00, 0x3F, 0xFF, 0xF8, 0x00, 0x00, 0x0F, 0xFF, 0xFE, 0x00, 0x00, 0x03,
  0xFF, 0xFF, 0x80, 0x00, 0x00, 0xFF, 0xFF, 0xE0, 0x00, 0x00, 0x3F, 0xFF,
  0xF8, 0x00, 0x00, 0x0F, 0xFF, 0xFE, 0x00, 0x00, 0x03, 0xFF, 0xFF, 0x80,
  0x00, 0x00, 0xFF, 0xFF, 0xE0, 0x00, 0x00, 0x3F, 0xFF, 0xF8, 0x00, 0x00,
  0x0F, 0xFC, 0xFF, 0xF8, 0x00, 0x00, 0xFF, 0xFF, 0xFF, 0x00, 0x00, 0x3F,
  0xEF, 0xFF, 0xC0, 0x00, 0x0F, 0xFB, 0xFF, 0xF0, 0x00, 0x03, 0xFE, 0xFF,
  0xFE, 0x00, 0x00, 0xFF, 0xBF, 0xFF, 0x80, 0x00, 0x3F, 0xEF, 0xFF, 0xF0,
  0x00, 0x0F, 0xFB, 0xFF, 0xFC, 0x00, 0x03, 0xFE, 0xFF, 0xFF, 0x80, 0x00,
  0xFF, 0xBF, 0xFF, 0xE0, 0x00, 0x3F, 0xEF, 0xFF, 0xFC, 0x00, 0x0F, 0xFB,
  0xFF, 0xFF, 0x00, 0x03, 0xFE, 0xFF, 0xFF, 0xC0, 0x00, 0xFF, 0xBF, 0xFF,
  0xF8, 0x00, 0x3F, 0xEF, 0xFF, 0xFE, 0x00, 0x0F, 0xFB, 0xFE, 0xFF, 0xC0,
  0x03, 0xFE, 0xFF, 0xBF, 0xF0, 0x00, 0xFF, 0xBF, 0xE7, 0xFE, 0x00, 0x3F,
  0xEF, 0xF9, 0xFF, 0x80, 0x0F, 0xFB, 0xFE, 0x3F, 0xE0, 0x03, 0xFE, 0xFF,
  0x8F, 0xFC, 0x00, 0xFF, 0xBF, 0xE1, 0xFF, 0x00, 0x3F, 0xEF, 0xF8, 0x7F,
  0xE0, 0x0F, 0xFB, 0xFE, 0x1F, 0xF8, 0x03, 0xFE, 0xFF, 0x83, 0xFF, 0x00,
  0xFF, 0xBF, 0xE0, 0xFF, 0xC0, 0x3F, 0xEF, 0xF8, 0x1F, 0xF8, 0x0F, 0xFB,
  0xFE, 0x07, 0xFE, 0x03, 0xFE, 0xFF, 0x80, 0xFF, 0x80, 0xFF, 0xBF, 0xE0,
  0x3F, 0xF0, 0x3F, 0xEF, 0xF8, 0x07, 0xFC, 0x0F, 0xFB, 0xFE, 0x01, 0xFF,
  0x83, 0xFE, 0xFF, 0x80, 0x3F, 0xE0, 0xFF, 0xBF, 0xE0, 0x0F, 0xFC, 0x3F,
  0xEF, 0xF8, 0x03, 0xFF, 0x0F, 0xFB, 0xFE, 0x00, 0x7F, 0xE3, 0xFE, 0xFF,
  0x80, 0x1F, 0xF8, 0xFF, 0xBF, 0xE0, 0x03, 0xFE, 0x3F, 0xEF, 0xF8, 0x00,
  0xFF, 0xCF, 0xFB, 0xFE, 0x00, 0x1F, 0xF3, 0xFE, 0xFF, 0x80, 0x07, 0xFE,
  0xFF, 0xBF, 0xE0, 0x00, 0xFF, 0xBF, 0xEF, 0xF8, 0x00, 0x3F, 0xFF, 0xFB,
  0xFE, 0x00, 0x0F, 0xFF, 0xFE, 0xFF, 0x80, 0x01, 0xFF, 0xFF, 0xBF, 0xE0,
  0x00, 0x7F, 0xFF, 0xEF, 0xF8, 0x00, 0x0F, 0xFF, 0xFB, 0xFE, 0x00, 0x03,
  0xFF, 0xFE, 0xFF, 0x80, 0x00, 0x7F, 0xFF, 0xBF, 0xE0, 0x00, 0x1F, 0xFF,
  0xEF, 0xF8, 0x00, 0x03, 0xFF, 0xFB, 0xFE, 0x00, 0x00, 0xFF, 0xFE, 0xFF,
  0x80, 0x00, 0x3F, 0xFF, 0xBF, 0xE0, 0x00, 0x07, 0xFF, 0xEF, 0xF8, 0x00,
  0x01, 0xFF, 0xFB, 0xFE, 0x00, 0x00, 0x3F, 0xFE, 0xFF, 0x80, 0x00, 0x0F,
  0xFF, 0xBF, 0xE0, 0x00, 0x01, 0xFF, 0xEF, 0xF8, 0x00, 0x00, 0x7F, 0xF8,
  0x00, 0x00, 0x7F, 0xC0, 0x00, 0x00, 0x00, 0x7F, 0xFF, 0x00, 0x00, 0x00,
  0x3F, 0xFF, 0xF8, 0x00, 0x00, 0x0F, 0xFF, 0xFF, 0xC0, 0x00, 0x07, 0xFF,
  0xFF, 0xFC, 0x00, 0x01, 0xFF, 0xFF, 0xFF, 0xC0, 0x00, 0x7F, 0xFF, 0xFF,
  0xFC, 0x00, 0x1F, 0xFF, 0xFF, 0xFF, 0xC0, 0x03, 0xFF, 0xFF, 0xFF, 0xFC,
  0x00, 0xFF, 0xFC, 0x1F, 0xFF, 0x80, 0x3F, 0xFE, 0x00, 0xFF, 0xF8, 0x07,
  0xFF, 0x00, 0x0F, 0xFF, 0x01, 0xFF, 0xE0, 0x00, 0xFF, 0xF0, 0x3F, 0xF8,
  0x00, 0x0F, 0xFE, 0x0F, 0xFE, 0x00, 0x01, 0xFF, 0xE1, 0xFF, 0xC0, 0x00,
  0x1F, 0xFC, 0x3F, 0xF0, 0x00, 0x03, 0xFF, 0x8F, 0xFE, 0x00, 0x00, 0x3F,
  0xF9, 0xFF, 0xC0, 0x00, 0x07, 0xFF, 0x3F, 0xF0, 0x00, 0x00, 0xFF, 0xE7,
  0xFE, 0x00, 0x00, 0x1F, 0xFD, 0xFF, 0xC0, 0x00, 0x01, 0xFF, 0xFF, 0xF8,
  0x00, 0x00, 0x3F, 0xFF, 0xFF, 0x00, 0x00, 0x07, 0xFF, 0xFF, 0xE0, 0x00,
  0x00, 0xFF, 0xFF, 0xFC, 0x00, 0x00, 0x1F, 0xFF, 0xFF, 0x80, 0x00, 0x03,
  0xFF, 0xFF, 0xF0, 0x00, 0x00, 0x7F, 0xFF, 0xFC, 0x00, 0x00, 0x0F, 0xFF,
  0xFF, 0x80, 0x00, 0x01, 0xFF, 0xFF, 0xF0, 0x00, 0x00, 0x3F, 0xFF, 0xFF,
  0x00, 0x00, 0x07, 0xFF, 0xFF, 0xE0, 0x00, 0x00, 0xFF, 0xFF, 0xFC, 0x00,
  0x00, 0x1F, 0xFF, 0xFF, 0x80, 0x00, 0x03, 0xFF, 0xFF, 0xF0, 0x00, 0x00,
  0x7F, 0xFF, 0xFE, 0x00, 0x00, 0x0F, 0xFF, 0xFF, 0xC0, 0x00, 0x01, 0xFF,
  0xFF, 0xF8, 0x00, 0x00, 0x3F, 0xFF, 0xFF, 0x00, 0x00, 0x07, 0xFF, 0xFF,
  0xF0, 0x00, 0x00, 0xFF, 0xEF, 0xFE, 0x00, 0x00, 0x3F, 0xF9, 0xFF, 0xC0,
  0x00, 0x07, 0xFF, 0x3F, 0xF8, 0x00, 0x00, 0xFF, 0xE7, 0xFF, 0x80, 0x00,
  0x3F, 0xFC, 0x7F, 0xF0, 0x00, 0x07, 0xFF, 0x0F, 0xFF, 0x00, 0x00, 0xFF,
  0xE1, 0xFF, 0xE0, 0x00, 0x3F, 0xFC, 0x1F, 0xFE, 0x00, 0x0F, 0xFF, 0x03,
  0xFF, 0xE0, 0x01, 0xFF, 0xE0, 0x3F, 0xFE, 0x00, 0xFF, 0xF8, 0x07, 0xFF,
  0xF0, 0x7F, 0xFF, 0x00, 0x7F, 0xFF, 0xFF, 0xFF, 0xC0, 0x07, 0xFF, 0xFF,
  0xFF, 0xF8, 0x00, 0xFF, 0xFF, 0xFF, 0xFE, 0x00, 0x0F, 0xFF, 0xFF, 0xFF,
  0x80, 0x00, 0xFF, 0xFF, 0xFF, 0xE0, 0x00, 0x0F, 0xFF, 0xFF, 0xF8, 0x00,
  0x00, 0xFF, 0xFF, 0xFE, 0x00, 0x00, 0x07, 0xFF, 0xFF, 0x00, 0x00, 0x00,
  0x3F, 0xFF, 0x80, 0x00, 0x00, 0x00, 0xFF, 0x80, 0x00, 0x00, 0xFF, 0xFF,
  0xFF, 0x80, 0x01, 0xFF, 0xFF, 0xFF, 0xF0, 0x03, 0xFF, 0xFF, 0xFF, 0xF8,
  0x07, 0xFF, 0xFF, 0xFF, 0xFC, 0x0F, 0xFF, 0xFF, 0xFF, 0xFC, 0x1F, 0xFF,
  0xFF, 0xFF, 0xFC, 0x3F, 0xFF, 0xFF, 0xFF, 0xFC, 0x7F, 0xFF, 0xFF, 0xFF,
  0xFC, 0xFF, 0xFF, 0xFF, 0xFF, 0xF9, 0xFF, 0x80, 0x03, 0xFF, 0xFB, 0xFF,
  0x00, 0x01, 0xFF, 0xF7, 0xFE, 0x00, 0x01, 0xFF, 0xEF, 0xFC, 0x00, 0x01,
  0xFF, 0xFF, 0xF8, 0x00, 0x03, 0xFF, 0xFF, 0xF0, 0x00, 0x03, 0xFF, 0xFF,
  0xE0, 0x00, 0x07, 0xFF, 0xFF, 0xC0, 0x00, 0x0F, 0xFF, 0xFF, 0x80, 0x00,
  0x1F, 0xFF, 0xFF, 0x00, 0x00, 0x3F, 0xFF, 0xFE, 0x00, 0x00, 0x7F, 0xFF,
  0xFC, 0x00, 0x00, 0xFF, 0xFF, 0xF8, 0x00, 0x01, 0xFF, 0xFF, 0xF0, 0x00,
  0x07, 0xFF, 0xFF, 0xE0, 0x00, 0x0F, 0xFE, 0xFF, 0xC0, 0x00, 0x3F, 0xFD,
  0xFF, 0x80, 0x01, 0xFF, 0xFB, 0xFF, 0xFF, 0xFF, 0xFF, 0xE7, 0xFF, 0xFF,
  0xFF, 0xFF, 0xCF, 0xFF, 0xFF, 0xFF, 0xFF, 0x1F, 0xFF, 0xFF, 0xFF, 0xFC,
  0x3F, 0xFF, 0xFF, 0xFF, 0xF0, 0x7F, 0xFF, 0xFF, 0xFF, 0xC0, 0xFF, 0xFF,
  0xFF, 0xFE, 0x01, 0xFF, 0xFF, 0xFF, 0xF0, 0x03, 0xFF, 0xFF, 0xFF, 0x00,
  0x07, 0xFE, 0x00, 0x00, 0x00, 0x0F, 0xFC, 0x00, 0x00, 0x00, 0x1F, 0xF8,
  0x00, 0x00, 0x00, 0x3F, 0xF0, 0x00, 0x00, 0x00, 0x7F, 0xE0, 0x00, 0x00,
  0x00, 0xFF, 0xC0, 0x00, 0x00, 0x01, 0xFF, 0x80, 0x00, 0x00, 0x03, 0xFF,
  0x00, 0x00, 0x00, 0x07, 0xFE, 0x00, 0x00, 0x00, 0x0F, 0xFC, 0x00, 0x00,
  0x00, 0x1F, 0xF8, 0x00, 0x00, 0x00, 0x3F, 0xF0, 0x00, 0x00, 0x00, 0x7F,
  0xE0, 0x00, 0x00, 0x00, 0xFF, 0xC0, 0x00, 0x00, 0x01, 0xFF, 0x80, 0x00,
  0x00, 0x03, 0xFF, 0x00, 0x00, 0x00, 0x07, 0xFE, 0x00, 0x00, 0x00, 0x0F,
  0xFC, 0x00, 0x00, 0x00, 0x1F, 0xF8, 0x00, 0x00, 0x00, 0x3F, 0xF0, 0x00,
  0x00, 0x00, 0x7F, 0xE0, 0x00, 0x00, 0x00, 0xFF, 0xC0, 0x00, 0x00, 0x01,
  0xFF, 0x80, 0x00, 0x00, 0x03, 0xFF, 0x00, 0x00, 0x00, 0x00, 0x00, 0x00,
  0x7F, 0xC0, 0x00, 0x00, 0x00, 0x7F, 0xFF, 0x00, 0x00, 0x00, 0x3F, 0xFF,
  0xF8, 0x00, 0x00, 0x0F, 0xFF, 0xFF, 0xC0, 0x00, 0x07, 0xFF, 0xFF, 0xFC,
  0x00, 0x01, 0xFF, 0xFF, 0xFF, 0xC0, 0x00, 0x7F, 0xFF, 0xFF, 0xFC, 0x00,
  0x1F, 0xFF, 0xFF, 0xFF, 0xC0, 0x03, 0xFF, 0xFF, 0xFF, 0xFC, 0x00, 0xFF,
  0xFC, 0x1F, 0xFF, 0x80, 0x3F, 0xFE, 0x00, 0xFF, 0xF8, 0x07, 0xFF, 0x00,
  0x0F, 0xFF, 0x01, 0xFF, 0xE0, 0x00, 0xFF, 0xF0, 0x3F, 0xF8, 0x00, 0x0F,
  0xFE, 0x0F, 0xFE, 0x00, 0x01, 0xFF, 0xE1, 0xFF, 0xC0, 0x00, 0x1F, 0xFC,
  0x3F, 0xF0, 0x00, 0x03, 0xFF, 0x8F, 0xFE, 0x00, 0x00, 0x3F, 0xF9, 0xFF,
  0xC0, 0x00, 0x07, 0xFF, 0x3F, 0xF8, 0x00, 0x00, 0xFF, 0xE7, 0xFE, 0x00,
  0x00, 0x1F, 0xFD, 0xFF, 0xC0, 0x00, 0x01, 0xFF, 0xFF, 0xF8, 0x00, 0x00,
  0x3F, 0xFF, 0xFF, 0x00, 0x00, 0x07, 0xFF, 0xFF, 0xE0, 0x00, 0x00, 0xFF,
  0xFF, 0xFC, 0x00, 0x00, 0x1F, 0xFF, 0xFF, 0x80, 0x00, 0x03, 0xFF, 0xFF,
  0xF0, 0x00, 0x00, 0x7F, 0xFF, 0xFC, 0x00, 0x00, 0x0F, 0xFF, 0xFF, 0x80,
  0x00, 0x01, 0xFF, 0xFF, 0xF0, 0x00, 0x00, 0x3F, 0xFF, 0xFE, 0x00, 0x00,
  0x07, 0xFF, 0xFF, 0xE0, 0x00, 0x00, 0xFF, 0xFF, 0xFC, 0x00, 0x00, 0x1F,
  0xFF, 0xFF, 0x80, 0x00, 0x03, 0xFF, 0xFF, 0xF0, 0x00, 0x00, 0x7F, 0xFF,
  0xFE, 0x00, 0x00, 0x0F, 0xFF, 0xFF, 0xC0, 0x00, 0x01, 0xFF, 0xFF, 0xF8,
  0x00, 0x00, 0x3F, 0xFF, 0xFF, 0x00, 0x00, 0x07, 0xFF, 0xFF, 0xE0, 0x00,
  0x00, 0xFF, 0xEF, 0xFE, 0x00, 0x00, 0x3F, 0xF9, 0xFF, 0xC0, 0x00, 0x07,
  0xFF, 0x3F, 0xF8, 0x00, 0x00, 0xFF, 0xE7, 0xFF, 0x80, 0x00, 0x1F, 0xFC,
  0x7F, 0xF0, 0x00, 0x07, 0xFF, 0x0F, 0xFF, 0x00, 0x00, 0xFF, 0xE1, 0xFF,
  0xE0, 0x00, 0x3F, 0xFC, 0x1F, 0xFE, 0x00, 0x07, 0xFF, 0x03, 0xFF, 0xC0,
  0x01, 0xFF, 0xE0, 0x3F, 0xFC, 0x00, 0x7F, 0xF8, 0x07, 0xFF, 0xE0, 0x1F,
  0xFF, 0x00, 0x7F, 0xFF, 0xFF, 0xFF, 0xC0, 0x0F, 0xFF, 0xFF, 0xFF, 0xF8,
  0x00, 0xFF, 0xFF, 0xFF, 0xFE, 0x00, 0x0F, 0xFF, 0xFF, 0xFF, 0x80, 0x00,
  0xFF, 0xFF, 0xFF, 0xE0, 0x00, 0x0F, 0xFF, 0xFF, 0xF8, 0x00, 0x00, 0xFF,
  0xFF, 0xFE, 0x00, 0x00, 0x0F, 0xFF, 0xFF, 0x00, 0x00, 0x00, 0x7F, 0xFF,
  0x80, 0x00, 0x00, 0x01, 0xFF, 0xC0, 0x00, 0x00, 0x00, 0x3F, 0xF8, 0x00,
  0x00, 0x00, 0x03, 0xFF, 0x00, 0x00, 0x00, 0x00, 0x7F, 0xF0, 0x00, 0x00,
  0x00, 0x0F, 0xFF, 0xFF, 0xE0, 0x00, 0x01, 0xFF, 0xFF, 0xFC, 0x00, 0x00,
  0x1F, 0xFF, 0xFF, 0x80, 0x00, 0x03, 0xFF, 0xFF, 0xF0, 0x00, 0x00, 0x3F,
  0xFF, 0xFE, 0x00, 0x00, 0x03, 0xFF, 0xFF, 0xC0, 0x00, 0x00, 0x3F, 0xFF,
  0xF8, 0x00, 0x00, 0x01, 0xFF, 0xFF, 0x00, 0x00, 0x00, 0x07, 0xFF, 0xE0,
  0xFF, 0xFF, 0xFF, 0x80, 0x00, 0x3F, 0xFF, 0xFF, 0xFE, 0x00, 0x0F, 0xFF,
  0xFF, 0xFF, 0xE0, 0x03, 0xFF, 0xFF, 0xFF, 0xFE, 0x00, 0xFF, 0xFF, 0xFF,
  0xFF, 0xC0, 0x3F, 0xFF, 0xFF, 0xFF, 0xF8, 0x0F, 0xFF, 0xFF, 0xFF, 0xFF,
  0x03, 0xFF, 0xFF, 0xFF, 0xFF, 0xE0, 0xFF, 0xFF, 0xFF, 0xFF, 0xF8, 0x3F,
  0xF8, 0x00, 0x3F, 0xFF, 0x0F, 0xFE, 0x00, 0x03, 0xFF, 0xC3, 0xFF, 0x80,
  0x00, 0x7F, 0xF8, 0xFF, 0xE0, 0x00, 0x0F, 0xFE, 0x3F, 0xF8, 0x00, 0x03,
  0xFF, 0x8F, 0xFE, 0x00, 0x00, 0xFF, 0xE3, 0xFF, 0x80, 0x00, 0x3F, 0xF8,
  0xFF, 0xE0, 0x00, 0x07, 0xFE, 0x3F, 0xF8, 0x00, 0x01, 0xFF, 0x8F, 0xFE,
  0x00, 0x00, 0x7F, 0xE3, 0xFF, 0x80, 0x00, 0x3F, 0xF8, 0xFF, 0xE0, 0x00,
  0x0F, 0xFE, 0x3F, 0xF8, 0x00, 0x03, 0xFF, 0x8F, 0xFE, 0x00, 0x01, 0xFF,
  0xC3, 0xFF, 0x80, 0x00, 0xFF, 0xF0, 0xFF, 0xE0, 0x00, 0x7F, 0xFC, 0x3F,
  0xFF, 0xFF, 0xFF, 0xFE, 0x0F, 0xFF, 0xFF, 0xFF, 0xFF, 0x03, 0xFF, 0xFF,
  0xFF, 0xFF, 0xC0, 0xFF, 0xFF, 0xFF, 0xFF, 0xE0, 0x3F, 0xFF, 0xFF, 0xFF,
  0xF0, 0x0F, 0xFF, 0xFF, 0xFF, 0xF8, 0x03, 0xFF, 0xFF, 0xFF, 0xF8, 0x00,
  0xFF, 0xFF, 0xFF, 0xF8, 0x00, 0x3F, 0xFF, 0xFF, 0xFE, 0x00, 0x0F, 0xFE,
  0x03, 0xFF, 0x80, 0x03, 0xFF, 0x80, 0x7F, 0xF0, 0x00, 0xFF, 0xE0, 0x1F,
  0xFC, 0x00, 0x3F, 0xF8, 0x03, 0xFF, 0x80, 0x0F, 0xFE, 0x00, 0xFF, 0xE0,
  0x03, 0xFF, 0x80, 0x1F, 0xFC, 0x00, 0xFF, 0xE0, 0x07, 0xFF, 0x00, 0x3F,
  0xF8, 0x00, 0xFF, 0xE0, 0x0F, 0xFE, 0x00, 0x3F, 0xF8, 0x03, 0xFF, 0x80,
  0x07, 0xFF, 0x00, 0xFF, 0xE0, 0x01, 0xFF, 0xC0, 0x3F, 0xF8, 0x00, 0x3F,
  0xF8, 0x0F, 0xFE, 0x00, 0x0F, 0xFF, 0x03, 0xFF, 0x80, 0x01, 0xFF, 0xC0,
  0xFF, 0xE0, 0x00, 0x7F, 0xF8, 0x3F, 0xF8, 0x00, 0x0F, 0xFE, 0x0F, 0xFE,
  0x00, 0x03, 0xFF, 0xC3, 0xFF, 0x80, 0x00, 0x7F, 0xF0, 0xFF, 0xE0, 0x00,
  0x1F, 0xFE, 0x3F, 0xF8, 0x00, 0x03, 0xFF, 0x8F, 0xFE, 0x00, 0x00, 0xFF,
  0xF3, 0xFF, 0x80, 0x00, 0x1F, 0xFC, 0xFF, 0xE0, 0x00, 0x07, 0xFF, 0xBF,
  0xF8, 0x00, 0x00, 0xFF, 0xEF, 0xFE, 0x00, 0x00, 0x3F, 0xFC, 0x00, 0x00,
  0xFF, 0xC0, 0x00, 0x00, 0x07, 0xFF, 0xF8, 0x00, 0x00, 0x3F, 0xFF, 0xFE,
  0x00, 0x00, 0x7F, 0xFF, 0xFF, 0x80, 0x01, 0xFF, 0xFF, 0xFF, 0xE0, 0x03,
  0xFF, 0xFF, 0xFF, 0xF0, 0x07, 0xFF, 0xFF, 0xFF, 0xF8, 0x07, 0xFF, 0xFF,
  0xFF, 0xFC, 0x0F, 0xFF, 0xFF, 0xFF, 0xFE, 0x1F, 0xFF, 0x00, 0x7F, 0xFC,
  0x1F, 0xFC, 0x00, 0x1F, 0xF8, 0x3F, 0xFC, 0x00, 0x0F, 0xF8, 0x3F, 0xF8,
  0x00, 0x07, 0xF0, 0x3F, 0xF8, 0x00, 0x03, 0xE0, 0x3F, 0xF8, 0x00, 0x01,
  0xC0, 0x3F, 0xF8, 0x00, 0x01, 0xC0, 0x3F, 0xF8, 0x00, 0x00, 0x80, 0x3F,
  0xF8, 0x00, 0x00, 0x00, 0x3F, 0xF8, 0x00, 0x00, 0x00, 0x3F, 0xFC, 0x00,
  0x00, 0x00, 0x3F, 0xFE, 0x00, 0x00, 0x00, 0x3F, 0xFF, 0x00, 0x00, 0x00,
  0x1F, 0xFF, 0xC0, 0x00, 0x00, 0x1F, 0xFF, 0xE0, 0x00, 0x00, 0x0F, 0xFF,
  0xF8, 0x00, 0x00, 0x0F, 0xFF, 0xFE, 0x00, 0x00, 0x07, 0xFF, 0xFF, 0xC0,
  0x00, 0x03, 0xFF, 0xFF, 0xF0, 0x00, 0x01, 0xFF, 0xFF, 0xFC, 0x00, 0x00,
  0xFF, 0xFF, 0xFF, 0x00, 0x00, 0x7F, 0xFF, 0xFF, 0x80, 0x00, 0x1F, 0xFF,
  0xFF, 0xE0, 0x00, 0x0F, 0xFF, 0xFF, 0xF0, 0x00, 0x03, 0xFF, 0xFF, 0xF8,
  0x00, 0x00, 0x7F, 0xFF, 0xF8, 0x00, 0x00, 0x1F, 0xFF, 0xFC, 0x00, 0x00,
  0x07, 0xFF, 0xFE, 0x00, 0x00, 0x01, 0xFF, 0xFE, 0x00, 0x00, 0x00, 0x7F,
  0xFE, 0x00, 0x00, 0x00, 0x3F, 0xFF, 0x00, 0x00, 0x00, 0x1F, 0xFF, 0x00,
  0x00, 0x00, 0x0F, 0xFF, 0x00, 0x00, 0x00, 0x07, 0xFF, 0x00, 0x00, 0x00,
  0x07, 0xFF, 0x04, 0x00, 0x00, 0x07, 0xFF, 0x0C, 0x00, 0x00, 0x03, 0xFF,
  0x0E, 0x00, 0x00, 0x07, 0xFF, 0x1F, 0x00, 0x00, 0x07, 0xFF, 0x1F, 0x80,
  0x00, 0x07, 0xFF, 0x3F, 0xC0, 0x00, 0x07, 0xFE, 0x7F, 0xE0, 0x00, 0x0F,
  0xFE, 0x7F, 0xF0, 0x00, 0x1F, 0xFE, 0xFF, 0xFE, 0x00, 0x7F, 0xFC, 0xFF,
  0xFF, 0xFF, 0xFF, 0xFC, 0xFF, 0xFF, 0xFF, 0xFF, 0xF8, 0x3F, 0xFF, 0xFF,
  0xFF, 0xF0, 0x1F, 0xFF, 0xFF, 0xFF, 0xE0, 0x0F, 0xFF, 0xFF, 0xFF, 0xC0,
  0x03, 0xFF, 0xFF, 0xFF, 0x80, 0x00, 0xFF, 0xFF, 0xFE, 0x00, 0x00, 0x3F,
  0xFF, 0xF8, 0x00, 0x00, 0x03, 0xFF, 0x80, 0x00, 0xFF, 0xFF, 0xFF, 0xFF,
  0xFF, 0xFF, 0xFF, 0xFF, 0xFF, 0xFF, 0xFF, 0xFF, 0xFF, 0xFF, 0xFF, 0xFF,
  0xFF, 0xFF, 0xFF, 0xFF, 0xFF, 0xFF, 0xFF, 0xFF, 0xFF, 0xFF, 0xFF, 0xFF,
  0xFF, 0xFF, 0xFF, 0xFF, 0xFF, 0xFF, 0xFF, 0xFF, 0xFF, 0xFF, 0xFF, 0xFF,
  0xFF, 0xFF, 0xFF, 0xFF, 0xFF, 0xFF, 0xFF, 0xFF, 0xE0, 0x00, 0x1F, 0xFC,
  0x00, 0x00, 0x00, 0x03, 0xFF, 0x80, 0x00, 0x00, 0x00, 0x7F, 0xF0, 0x00,
  0x00, 0x00, 0x0F, 0xFE, 0x00, 0x00, 0x00, 0x01, 0xFF, 0xC0, 0x00, 0x00,
  0x00, 0x3F, 0xF8, 0x00, 0x00, 0x00, 0x07, 0xFF, 0x00, 0x00, 0x00, 0x00,
  0xFF, 0xE0, 0x00, 0x00, 0x00, 0x1F, 0xFC, 0x00, 0x00, 0x00, 0x03, 0xFF,
  0x80, 0x00, 0x00, 0x00, 0x7F, 0xF0, 0x00, 0x00, 0x00, 0x0F, 0xFE, 0x00,
  0x00, 0x00, 0x01, 0xFF, 0xC0, 0x00, 0x00, 0x00, 0x3F, 0xF8, 0x00, 0x00,
  0x00, 0x07, 0xFF, 0x00, 0x00, 0x00, 0x00, 0xFF, 0xE0, 0x00, 0x00, 0x00,
  0x1F, 0xFC, 0x00, 0x00, 0x00, 0x03, 0xFF, 0x80, 0x00, 0x00, 0x00, 0x7F,
  0xF0, 0x00, 0x00, 0x00, 0x0F, 0xFE, 0x00, 0x00, 0x00, 0x01, 0xFF, 0xC0,
  0x00, 0x00, 0x00, 0x3F, 0xF8, 0x00, 0x00, 0x00, 0x07, 0xFF, 0x00, 0x00,
  0x00, 0x00, 0xFF, 0xE0, 0x00, 0x00, 0x00, 0x1F, 0xFC, 0x00, 0x00, 0x00,
  0x03, 0xFF, 0x80, 0x00, 0x00, 0x00, 0x7F, 0xF0, 0x00, 0x00, 0x00, 0x0F,
  0xFE, 0x00, 0x00, 0x00, 0x01, 0xFF, 0xC0, 0x00, 0x00, 0x00, 0x3F, 0xF8,
  0x00, 0x00, 0x00, 0x07, 0xFF, 0x00, 0x00, 0x00, 0x00, 0xFF, 0xE0, 0x00,
  0x00, 0x00, 0x1F, 0xFC, 0x00, 0x00, 0x00, 0x03, 0xFF, 0x80, 0x00, 0x00,
  0x00, 0x7F, 0xF0, 0x00, 0x00, 0x00, 0x0F, 0xFE, 0x00, 0x00, 0x00, 0x01,
  0xFF, 0xC0, 0x00, 0x00, 0x00, 0x3F, 0xF8, 0x00, 0x00, 0x00, 0x07, 0xFF,
  0x00, 0x00, 0x00, 0x00, 0xFF, 0xE0, 0x00, 0x00, 0x00, 0x1F, 0xFC, 0x00,
  0x00, 0x00, 0x03, 0xFF, 0x80, 0x00, 0x00, 0x00, 0x7F, 0xF0, 0x00, 0x00,
  0x00, 0x0F, 0xFE, 0x00, 0x00, 0x00, 0x01, 0xFF, 0xC0, 0x00, 0x00, 0x00,
  0x3F, 0xF8, 0x00, 0x00, 0x00, 0x07, 0xFF, 0x00, 0x00, 0x00, 0x00, 0xFF,
  0xE0, 0x00, 0x00, 0x00, 0x1F, 0xFC, 0x00, 0x00, 0x00, 0x03, 0xFF, 0x80,
  0x00, 0x00, 0xFF, 0xF0, 0x00, 0x03, 0xFF, 0xFF, 0xF0, 0x00, 0x01, 0xFF,
  0xFF, 0xF8, 0x00, 0x00, 0xFF, 0xFF, 0xFC, 0x00, 0x00, 0x7F, 0xFF, 0xFE,
  0x00, 0x00, 0x3F, 0xFF, 0xFF, 0x00, 0x00, 0x1F, 0xFF, 0xFF, 0x80, 0x00,
  0x0F, 0xFF, 0xFF, 0xC0, 0x00, 0x07, 0xFF, 0xFF, 0xE0, 0x00, 0x03, 0xFF,
  0xFF, 0xF0, 0x00, 0x01, 0xFF, 0xFF, 0xF8, 0x00, 0x00, 0xFF, 0xFF, 0xFC,
  0x00, 0x00, 0x7F, 0xFF, 0xFE, 0x00, 0x00, 0x3F, 0xFF, 0xFF, 0x00, 0x00,
  0x1F, 0xFF, 0xFF, 0x80, 0x00, 0x0F, 0xFF, 0xFF, 0xC0, 0x00, 0x07, 0xFF,
  0xFF, 0xE0, 0x00, 0x03, 0xFF, 0xFF, 0xF0, 0x00, 0x01, 0xFF, 0xFF, 0xF8,
  0x00, 0x00, 0xFF, 0xFF, 0xFC, 0x00, 0x00, 0x7F, 0xFF, 0xFE, 0x00, 0x00,
  0x3F, 0xFF, 0xFF, 0x00, 0x00, 0x1F, 0xFF, 0xFF, 0x80, 0x00, 0x0F, 0xFF,
  0xFF, 0xC0, 0x00, 0x07, 0xFF, 0xFF, 0xE0, 0x00, 0x03, 0xFF, 0xFF, 0xF0,
  0x00, 0x01, 0xFF, 0xFF, 0xF8, 0x00, 0x00, 0xFF, 0xFF, 0xFC, 0x00, 0x00,
  0x7F, 0xFF, 0xFE, 0x00, 0x00, 0x3F, 0xFF, 0xFF, 0x00, 0x00, 0x1F, 0xFF,
  0xFF, 0x80, 0x00, 0x0F, 0xFF, 0xFF, 0xC0, 0x00, 0x07, 0xFF, 0xFF, 0xE0,
  0x00, 0x03, 0xFF, 0xFF, 0xF0, 0x00, 0x01, 0xFF, 0xFF, 0xF8, 0x00, 0x00,
  0xFF, 0xFF, 0xFC, 0x00, 0x00, 0x7F, 0xFF, 0xFE, 0x00, 0x00, 0x3F, 0xFF,
  0xFF, 0x00, 0x00, 0x1F, 0xFF, 0xFF, 0x80, 0x00, 0x0F, 0xFD, 0xFF, 0xC0,
  0x00, 0x07, 0xFE, 0x7F, 0xE0, 0x00, 0x03, 0xFF, 0x3F, 0xF0, 0x00, 0x01,
  0xFF, 0x9F, 0xF8, 0x00, 0x00, 0xFF, 0xCF, 0xFC, 0x00, 0x00, 0x7F, 0xE7,
  0xFF, 0x00, 0x00, 0x3F, 0xF3, 0xFF, 0x80, 0x00, 0x3F, 0xF8, 0xFF, 0xC0,
  0x00, 0x1F, 0xF8, 0x7F, 0xF0, 0x00, 0x1F, 0xFC, 0x3F, 0xF8, 0x00, 0x0F,
  0xFE, 0x0F, 0xFE, 0x00, 0x0F, 0xFE, 0x07, 0xFF, 0xC0, 0x1F, 0xFF, 0x01,
  0xFF, 0xFF, 0xFF, 0xFF, 0x00, 0xFF, 0xFF, 0xFF, 0xFF, 0x80, 0x3F, 0xFF,
  0xFF, 0xFF, 0x80, 0x0F, 0xFF, 0xFF, 0xFF, 0x80, 0x03, 0xFF, 0xFF, 0xFF,
  0x80, 0x00, 0xFF, 0xFF, 0xFF, 0x80, 0x00, 0x1F, 0xFF, 0xFF, 0x00, 0x00,
  0x03, 0xFF, 0xFE, 0x00, 0x00, 0x00, 0x3F, 0xF8, 0x00, 0x00, 0xFF, 0xE0,
  0x00, 0x00, 0x1F, 0xFF, 0xFF, 0x80, 0x00, 0x00, 0x7F, 0xE7, 0xFF, 0x00,
  0x00, 0x03, 0xFF, 0x9F, 0xFC, 0x00, 0x00, 0x0F, 0xFE, 0x7F, 0xF0, 0x00,
  0x00, 0x3F, 0xF0, 0xFF, 0xE0, 0x00, 0x01, 0xFF, 0xC3, 0xFF, 0x80, 0x00,
  0x07, 0xFF, 0x0F, 0xFE, 0x00, 0x00, 0x1F, 0xF8, 0x1F, 0xFC, 0x00, 0x00,
  0x7F, 0xE0, 0x7F, 0xF0, 0x00, 0x03, 0xFF, 0x81, 0xFF, 0xC0, 0x00, 0x0F,
  0xFC, 0x03, 0xFF, 0x00, 0x00, 0x3F, 0xF0, 0x0F, 0xFE, 0x00, 0x01, 0xFF,
  0xC0, 0x3F, 0xF8, 0x00, 0x07, 0xFF, 0x00, 0x7F, 0xE0, 0x00, 0x1F, 0xF8,
  0x01, 0xFF, 0xC0, 0x00, 0x7F, 0xE0, 0x07, 0xFF, 0x00, 0x03, 0xFF, 0x80,
  0x0F, 0xFC, 0x00, 0x0F, 0xFC, 0x00, 0x3F, 0xF0, 0x00, 0x3F, 0xF0, 0x00,
  0xFF, 0xE0, 0x00, 0xFF, 0xC0, 0x01, 0xFF, 0x80, 0x07, 0xFE, 0x00, 0x07,
  0xFE, 0x00, 0x1F, 0xF8, 0x00, 0x1F, 0xFC, 0x00, 0x7F, 0xE0, 0x00, 0x7F,
  0xF0, 0x03, 0xFF, 0x00, 0x00, 0xFF, 0xC0, 0x0F, 0xFC, 0x00, 0x03, 0xFF,
  0x80, 0x3F, 0xF0, 0x00, 0x0F, 0xFE, 0x00, 0xFF, 0x80, 0x00, 0x1F, 0xF8,
  0x07, 0xFE, 0x00, 0x00, 0x7F, 0xE0, 0x1F, 0xF8, 0x00, 0x01, 0xFF, 0xC0,
  0x7F, 0xC0, 0x00, 0x03, 0xFF, 0x03, 0xFF, 0x00, 0x00, 0x0F, 0xFC, 0x0F,
  0xFC, 0x00, 0x00, 0x3F, 0xF8, 0x3F, 0xE0, 0x00, 0x00, 0x7F, 0xE0, 0xFF,
  0x80, 0x00, 0x01, 0xFF, 0x87, 0xFE, 0x00, 0x00, 0x07, 0xFE, 0x1F, 0xF8,
  0x00, 0x00, 0x0F, 0xFC, 0x7F, 0xC0, 0x00, 0x00, 0x3F, 0xF1, 0xFF, 0x00,
  0x00, 0x00, 0xFF, 0xCF, 0xFC, 0x00, 0x00, 0x01, 0xFF, 0xBF, 0xE0, 0x00,
  0x00, 0x07, 0xFE, 0xFF, 0x80, 0x00, 0x00, 0x1F, 0xFF, 0xFE, 0x00, 0x00,
  0x00, 0x3F, 0xFF, 0xF0, 0x00, 0x00, 0x00, 0xFF, 0xFF, 0xC0, 0x00, 0x00,
  0x03, 0xFF, 0xFF, 0x00, 0x00, 0x00, 0x07, 0xFF, 0xF8, 0x00, 0x00, 0x00,
  0x1F, 0xFF, 0xE0, 0x00, 0x00, 0x00, 0x7F, 0xFF, 0x80, 0x00, 0x00, 0x00,
  0xFF, 0xFC, 0x00, 0x00, 0x00, 0x03, 0xFF, 0xF0, 0x00, 0x00, 0x00, 0x0F,
  0xFF, 0xC0, 0x00, 0x00, 0x00, 0x1F, 0xFE, 0x00, 0x00, 0x00, 0x00, 0x7F,
  0xF8, 0x00, 0x00, 0x00, 0x01, 0xFF, 0xE0, 0x00, 0x00, 0x00, 0x07, 0xFF,
  0x00, 0x00, 0x00, 0x00, 0x0F, 0xFC, 0x00, 0x00, 0x00, 0x00, 0x3F, 0xF0,
  0x00, 0x00, 0x00, 0x00, 0xFF, 0x80, 0x00, 0x00, 0x00, 0x01, 0xFE, 0x00,
  0x00, 0x00, 0xFF, 0xC0, 0x00, 0x00, 0x0F, 0xFF, 0xFF, 0x00, 0x00, 0x00,
  0x3F, 0xFF, 0xFC, 0x00, 0x00, 0x00, 0xFF, 0xFF, 0xF0, 0x00, 0x00, 0x03,
  0xFF, 0xFF, 0xC0, 0x00, 0x00, 0x0F, 0xFB, 0xFF, 0x00, 0x3F, 0x80, 0x3F,
  0xEF, 0xFC, 0x00, 0xFE, 0x00, 0xFF, 0xBF, 0xF0, 0x03, 0xF8, 0x03, 0xFE,
  0x7F, 0xE0, 0x1F, 0xF0, 0x0F, 0xF9, 0xFF, 0x80, 0x7F, 0xC0, 0x3F, 0xE7,
  0xFE, 0x01, 0xFF, 0x01, 0xFF, 0x9F, 0xF8, 0x07, 0xFC, 0x07, 0xFE, 0x7F,
  0xE0, 0x1F, 0xF0, 0x1F, 0xF1, 0xFF, 0x80, 0xFF, 0xE0, 0x7F, 0xC7, 0xFE,
  0x03, 0xFF, 0x81, 0xFF, 0x1F, 0xF8, 0x0F, 0xFE, 0x07, 0xFC, 0x3F, 0xE0,
  0x3F, 0xF8, 0x1F, 0xF0, 0xFF, 0x80, 0xFF, 0xE0, 0x7F, 0xC3, 0xFE, 0x07,
  0xFF, 0xC1, 0xFF, 0x0F, 0xFC, 0x1F, 0xFF, 0x07, 0xFC, 0x3F, 0xF0, 0x7F,
  0xFC, 0x1F, 0xF0, 0xFF, 0xC1, 0xFF, 0xF0, 0x7F, 0x83, 0xFF, 0x0F, 0xFF,
  0xC1, 0xFE, 0x0F, 0xFC, 0x3F, 0xFF, 0x87, 0xF8, 0x1F, 0xF0, 0xFF, 0xFE,
  0x1F, 0xE0, 0x7F, 0xC3, 0xF7, 0xF8, 0x7F, 0x81, 0xFF, 0x0F, 0xCF, 0xE3,
  0xFE, 0x07, 0xFC, 0x7F, 0x3F, 0x8F, 0xF8, 0x1F, 0xF1, 0xFC, 0xFF, 0x3F,
  0xE0, 0x7F, 0xC7, 0xF3, 0xFC, 0xFF, 0x01, 0xFF, 0x1F, 0x87, 0xF3, 0xFC,
  0x07, 0xFE, 0x7E, 0x1F, 0xCF, 0xF0, 0x1F, 0xFB, 0xF8, 0x7F, 0x3F, 0xC0,
  0x3F, 0xEF, 0xE1, 0xFE, 0xFF, 0x00, 0xFF, 0xBF, 0x87, 0xFB, 0xFC, 0x03,
  0xFE, 0xFC, 0x0F, 0xEF, 0xF0, 0x0F, 0xFB, 0xF0, 0x3F, 0xBF, 0xC0, 0x3F,
  0xFF, 0xC0, 0xFE, 0xFE, 0x00, 0xFF, 0xFF, 0x03, 0xFF, 0xF8, 0x03, 0xFF,
  0xF8, 0x0F, 0xFF, 0xE0, 0x0F, 0xFF, 0xE0, 0x1F, 0xFF, 0x80, 0x1F, 0xFF,
  0x80, 0x7F, 0xFE, 0x00, 0x7F, 0xFE, 0x01, 0xFF, 0xF8, 0x01, 0xFF, 0xF8,
  0x07, 0xFF, 0xE0, 0x07, 0xFF, 0xC0, 0x0F, 0xFF, 0x80, 0x1F, 0xFF, 0x00,
  0x3F, 0xFE, 0x00, 0x7F, 0xFC, 0x00, 0xFF, 0xF0, 0x01, 0xFF, 0xF0, 0x03,
  0xFF, 0xC0, 0x07, 0xFF, 0x80, 0x0F, 0xFF, 0x00, 0x0F, 0xFE, 0x00, 0x1F,
  0xFC, 0x00, 0x3F, 0xF8, 0x00, 0x7F, 0xF0, 0x00, 0xFF, 0xE0, 0x01, 0xFF,
  0xC0, 0x03, 0xFF, 0x80, 0x07, 0xFF, 0x00, 0x0F, 0xFC, 0x00, 0x1F, 0xFC,
  0x00, 0x3F, 0xF0, 0x00, 0x3F, 0xE0, 0x00, 0xFF, 0xC0, 0x00, 0xFF, 0x80,
  0x03, 0xFF, 0x00, 0x03, 0xFE, 0x00, 0x07, 0xF8, 0x00, 0x0F, 0xF8, 0x00,
  0x1F, 0xE0, 0x00, 0x1F, 0xE0, 0x00, 0xFF, 0xF0, 0x00, 0x01, 0xFF, 0xE7,
  0xFF, 0x00, 0x00, 0x1F, 0xFC, 0x7F, 0xF8, 0x00, 0x03, 0xFF, 0x83, 0xFF,
  0x80, 0x00, 0x3F, 0xF8, 0x1F, 0xFC, 0x00, 0x07, 0xFF, 0x01, 0xFF, 0xC0,
  0x00, 0x7F, 0xF0, 0x0F, 0xFE, 0x00, 0x0F, 0xFE, 0x00, 0xFF, 0xF0, 0x00,
  0xFF, 0xE0, 0x07, 0xFF, 0x00, 0x1F, 0xFC, 0x00, 0x7F, 0xF8, 0x01, 0xFF,
  0xC0, 0x03, 0xFF, 0x80, 0x3F, 0xF8, 0x00, 0x3F, 0xFC, 0x03, 0xFF, 0x80,
  0x01, 0xFF, 0xC0, 0x7F, 0xF0, 0x00, 0x1F, 0xFE, 0x07, 0xFF, 0x00, 0x00,
  0xFF, 0xE0, 0xFF, 0xE0, 0x00, 0x0F, 0xFF, 0x0F, 0xFE, 0x00, 0x00, 0x7F,
  0xF1, 0xFF, 0xC0, 0x00, 0x03, 0xFF, 0x9F, 0xFC, 0x00, 0x00, 0x3F, 0xFB,
  0xFF, 0x80, 0x00, 0x01, 0xFF, 0xFF, 0xF8, 0x00, 0x00, 0x1F, 0xFF, 0xFF,
  0x00, 0x00, 0x00, 0xFF, 0xFF, 0xF0, 0x00, 0x00, 0x0F, 0xFF, 0xFE, 0x00,
  0x00, 0x00, 0x7F, 0xFF, 0xE0, 0x00, 0x00, 0x07, 0xFF, 0xFC, 0x00, 0x00,
  0x00, 0x3F, 0xFF, 0xC0, 0x00, 0x00, 0x03, 0xFF, 0xF8, 0x00, 0x00, 0x00,
  0x1F, 0xFF, 0x80, 0x00, 0x00, 0x01, 0xFF, 0xF0, 0x00, 0x00, 0x00, 0x0F,
  0xFF, 0x00, 0x00, 0x00, 0x01, 0xFF, 0xF8, 0x00, 0x00, 0x00, 0x3F, 0xFF,
  0x80, 0x00, 0x00, 0x03, 0xFF, 0xFC, 0x00, 0x00, 0x00, 0x7F, 0xFF, 0xC0,
  0x00, 0x00, 0x07, 0xFF, 0xFE, 0x00, 0x00, 0x00, 0xFF, 0xFF, 0xF0, 0x00,
  0x00, 0x0F, 0xFF, 0xFF, 0x00, 0x00, 0x01, 0xFF, 0xFF, 0xF8, 0x00, 0x00,
  0x1F, 0xFF, 0xFF, 0x80, 0x00, 0x03, 0xFF, 0xFF, 0xFC, 0x00, 0x00, 0x3F,
  0xF9, 0xFF, 0xC0, 0x00, 0x07, 0xFF, 0x9F, 0xFE, 0x00, 0x00, 0x7F, 0xF0,
  0xFF, 0xE0, 0x00, 0x0F, 0xFE, 0x0F, 0xFF, 0x00, 0x00, 0xFF, 0xE0, 0x7F,
  0xF8, 0x00, 0x1F, 0xFC, 0x07, 0xFF, 0x80, 0x01, 0xFF, 0xC0, 0x3F, 0xFC,
  0x00, 0x3F, 0xF8, 0x03, 0xFF, 0xC0, 0x07, 0xFF, 0x80, 0x1F, 0xFE, 0x00,
  0x7F, 0xF0, 0x00, 0xFF, 0xE0, 0x0F, 0xFF, 0x00, 0x0F, 0xFF, 0x00, 0xFF,
  0xE0, 0x00, 0x7F, 0xF0, 0x1F, 0xFE, 0x00, 0x07, 0xFF, 0x81, 0xFF, 0xC0,
  0x00, 0x3F, 0xF8, 0x3F, 0xFC, 0x00, 0x03, 0xFF, 0xC3, 0xFF, 0x80, 0x00,
  0x1F, 0xFE, 0x7F, 0xF8, 0x00, 0x01, 0xFF, 0xE7, 0xFF, 0x00, 0x00, 0x0F,
  0xFF, 0xFF, 0xF0, 0x00, 0x00, 0xFF, 0xF0, 0xFF, 0xF0, 0x00, 0x00, 0x3F,
  0xFD, 0xFF, 0xC0, 0x00, 0x00, 0xFF, 0xE7, 0xFF, 0x80, 0x00, 0x07, 0xFF,
  0x8F, 0xFE, 0x00, 0x00, 0x1F, 0xFC, 0x3F, 0xFC, 0x00, 0x00, 0xFF, 0xF0,
  0x7F, 0xF0, 0x00, 0x03, 0xFF, 0x81, 0xFF, 0xE0, 0x00, 0x1F, 0xFE, 0x03,
  0xFF, 0x80, 0x00, 0x7F, 0xF0, 0x0F, 0xFF, 0x00, 0x01, 0xFF, 0xC0, 0x1F,
  0xFC, 0x00, 0x0F, 0xFE, 0x00, 0x7F, 0xF8, 0x00, 0x3F, 0xF8, 0x00, 0xFF,
  0xE0, 0x01, 0xFF, 0xC0, 0x03, 0xFF, 0xC0, 0x07, 0xFF, 0x00, 0x07, 0xFF,
  0x00, 0x3F, 0xF8, 0x00, 0x1F, 0xFE, 0x00, 0xFF, 0xE0, 0x00, 0x3F, 0xF8,
  0x07, 0xFF, 0x00, 0x00, 0xFF, 0xF0, 0x1F, 0xFC, 0x00, 0x01, 0xFF, 0xC0,
  0x7F, 0xF0, 0x00, 0x07, 0xFF, 0x83, 0xFF, 0x80, 0x00, 0x0F, 0xFE, 0x0F,
  0xFE, 0x00, 0x00, 0x3F, 0xFC, 0x7F, 0xF0, 0x00, 0x00, 0x7F, 0xF1, 0xFF,
  0xC0, 0x00, 0x01, 0xFF, 0xEF, 0xFE, 0x00, 0x00, 0x03, 0xFF, 0xBF, 0xF8,
  0x00, 0x00, 0x0F, 0xFF, 0xFF, 0xC0, 0x00, 0x00, 0x1F, 0xFF, 0xFF, 0x00,
  0x00, 0x00, 0x7F, 0xFF, 0xF8, 0x00, 0x00, 0x00, 0xFF, 0xFF, 0xE0, 0x00,
  0x00, 0x03, 0xFF, 0xFF, 0x00, 0x00, 0x00, 0x07, 0xFF, 0xFC, 0x00, 0x00,
  0x00, 0x1F, 0xFF, 0xE0, 0x00, 0x00, 0x00, 0x3F, 0xFF, 0x80, 0x00, 0x00,
  0x00, 0xFF, 0xFE, 0x00, 0x00, 0x00, 0x01, 0xFF, 0xF0, 0x00, 0x00, 0x00,
  0x07, 0xFF, 0xC0, 0x00, 0x00, 0x00, 0x0F, 0xFE, 0x00, 0x00, 0x00, 0x00,
  0x3F, 0xF8, 0x00, 0x00, 0x00, 0x00, 0xFF, 0xE0, 0x00, 0x00, 0x00, 0x03,
  0xFF, 0x80, 0x00, 0x00, 0x00, 0x0F, 0xFE, 0x00, 0x00, 0x00, 0x00, 0x3F,
  0xF8, 0x00, 0x00, 0x00, 0x00, 0xFF, 0xE0, 0x00, 0x00, 0x00, 0x03, 0xFF,
  0x80, 0x00, 0x00, 0x00, 0x0F, 0xFE, 0x00, 0x00, 0x00, 0x00, 0x3F, 0xF8,
  0x00, 0x00, 0x00, 0x00, 0xFF, 0xE0, 0x00, 0x00, 0x00, 0x03, 0xFF, 0x80,
  0x00, 0x00, 0x00, 0x0F, 0xFE, 0x00, 0x00, 0x00, 0x00, 0x3F, 0xF8, 0x00,
  0x00, 0x00, 0x00, 0xFF, 0xE0, 0x00, 0x00, 0x00, 0x03, 0xFF, 0x80, 0x00,
  0x00, 0x00, 0x0F, 0xFE, 0x00, 0x00, 0x00, 0x00, 0x3F, 0xF8, 0x00, 0x00,
  0x00, 0x00, 0xFF, 0xE0, 0x00, 0x00, 0x00, 0x03, 0xFF, 0x80, 0x00, 0x00,
  0x00, 0x0F, 0xFE, 0x00, 0x00, 0x00, 0x00, 0x3F, 0xF8, 0x00, 0x00, 0x00,
  0x00, 0xFF, 0xE0, 0x00, 0x00, 0x00, 0x03, 0xFF, 0x80, 0x00, 0x00, 0x7F,
  0xFF, 0xFF, 0xFF, 0xFE, 0x3F, 0xFF, 0xFF, 0xFF, 0xFF, 0x1F, 0xFF, 0xFF,
  0xFF, 0xFF, 0x8F, 0xFF, 0xFF, 0xFF, 0xFF, 0xC7, 0xFF, 0xFF, 0xFF, 0xFF,
  0xE3, 0xFF, 0xFF, 0xFF, 0xFF, 0xF1, 0xFF, 0xFF, 0xFF, 0xFF, 0xF8, 0xFF,
  0xFF, 0xFF, 0xFF, 0xFC, 0x7F, 0xFF, 0xFF, 0xFF, 0xFC, 0x00, 0x00, 0x00,
  0x1F, 0xFC, 0x00, 0x00, 0x00, 0x1F, 0xFE, 0x00, 0x00, 0x00, 0x0F, 0xFE,
  0x00, 0x00, 0x00, 0x0F, 0xFF, 0x00, 0x00, 0x00, 0x07, 0xFF, 0x00, 0x00,
  0x00, 0x07, 0xFF, 0x80, 0x00, 0x00, 0x07, 0xFF, 0x80, 0x00, 0x00, 0x03,
  0xFF, 0x80, 0x00, 0x00, 0x03, 0xFF, 0xC0, 0x00, 0x00, 0x01, 0xFF, 0xC0,
  0x00, 0x00, 0x01, 0xFF, 0xE0, 0x00, 0x00, 0x01, 0xFF, 0xE0, 0x00, 0x00,
  0x00, 0xFF, 0xE0, 0x00, 0x00, 0x00, 0xFF, 0xF0, 0x00, 0x00, 0x00, 0x7F,
  0xF0, 0x00, 0x00, 0x00, 0x7F, 0xF8, 0x00, 0x00, 0x00, 0x7F, 0xF8, 0x00,
  0x00, 0x00, 0x3F, 0xF8, 0x00, 0x00, 0x00, 0x3F, 0xFC, 0x00, 0x00, 0x00,
  0x1F, 0xFC, 0x00, 0x00, 0x00, 0x1F, 0xFE, 0x00, 0x00, 0x00, 0x1F, 0xFE,
  0x00, 0x00, 0x00, 0x0F, 0xFF, 0x00, 0x00, 0x00, 0x0F, 0xFF, 0x00, 0x00,
  0x00, 0x07, 0xFF, 0x00, 0x00, 0x00, 0x07, 0xFF, 0x80, 0x00, 0x00, 0x07,
  0xFF, 0x80, 0x00, 0x00, 0x03, 0xFF, 0xC0, 0x00, 0x00, 0x03, 0xFF, 0xC0,
  0x00, 0x00, 0x01, 0xFF, 0xC0, 0x00, 0x00, 0x01, 0xFF, 0xE0, 0x00, 0x00,
  0x01, 0xFF, 0xE0, 0x00, 0x00, 0x00, 0xFF, 0xF0, 0x00, 0x00, 0x00, 0xFF,
  0xF0, 0x00, 0x00, 0x00, 0x7F, 0xF0, 0x00, 0x00, 0x00, 0x7F, 0xF8, 0x00,
  0x00, 0x00, 0x7F, 0xF8, 0x00, 0x00, 0x00, 0x3F, 0xFC, 0x00, 0x00, 0x00,
  0x3F, 0xFC, 0x00, 0x00, 0x00, 0x1F, 0xFC, 0x00, 0x00, 0x00, 0x1F, 0xFE,
  0x00, 0x00, 0x00, 0xDF, 0xFF, 0xFF, 0xFF, 0xFF, 0xEF, 0xFF, 0xFF, 0xFF,
  0xFF, 0xFF, 0xFF, 0xFF, 0xFF, 0xFF, 0xFF, 0xFF, 0xFF, 0xFF, 0xFF, 0xFF,
  0xFF, 0xFF, 0xFF, 0xFF, 0xFF, 0xFF, 0xFF, 0xFF, 0xFF, 0xFF, 0xFF, 0xFF,
  0xFF, 0xFF, 0xFF, 0xFF, 0xFF, 0xFF, 0xFF, 0xFF, 0xFF, 0xFF, 0xFF, 0xFF,
  0xFF, 0xE0, 0xFF, 0xFF, 0xFF, 0xFF, 0xFF, 0xFF, 0xFF, 0xFF, 0xFF, 0xFF,
  0xFF, 0xFF, 0xFF, 0xFF, 0xFF, 0xFF, 0xFF, 0xFF, 0xFF, 0xFF, 0xFF, 0xFF,
  0xFF, 0xFF, 0xFF, 0xFF, 0xFF, 0xFF, 0xFF, 0xFF, 0xFF, 0xFF, 0xFF, 0xFE,
  0x00, 0x00, 0x3F, 0xF0, 0x00, 0x01, 0xFF, 0x80, 0x00, 0x0F, 0xFC, 0x00,
  0x00, 0x7F, 0xE0, 0x00, 0x03, 0xFF, 0x00, 0x00, 0x1F, 0xF8, 0x00, 0x00,
  0xFF, 0xC0, 0x00, 0x07, 0xFE, 0x00, 0x00, 0x3F, 0xF0, 0x00, 0x01, 0xFF,
  0x80, 0x00, 0x0F, 0xFC, 0x00, 0x00, 0x7F, 0xE0, 0x00, 0x03, 0xFF, 0x00,
  0x00, 0x1F, 0xF8, 0x00, 0x00, 0xFF, 0xC0, 0x00, 0x07, 0xFE, 0x00, 0x00,
  0x3F, 0xF0, 0x00, 0x01, 0xFF, 0x80, 0x00, 0x0F, 0xFC, 0x00, 0x00, 0x7F,
  0xE0, 0x00, 0x03, 0xFF, 0x00, 0x00, 0x1F, 0xF8, 0x00, 0x00, 0xFF, 0xC0,
  0x00, 0x07, 0xFE, 0x00, 0x00, 0x3F, 0xF0, 0x00, 0x01, 0xFF, 0x80, 0x00,
  0x0F, 0xFC, 0x00, 0x00, 0x7F, 0xE0, 0x00, 0x03, 0xFF, 0x00, 0x00, 0x1F,
  0xF8, 0x00, 0x00, 0xFF, 0xC0, 0x00, 0x07, 0xFE, 0x00, 0x00, 0x3F, 0xF0,
  0x00, 0x01, 0xFF, 0x80, 0x00, 0x0F, 0xFC, 0x00, 0x00, 0x7F, 0xE0, 0x00,
  0x03, 0xFF, 0x00, 0x00, 0x1F, 0xF8, 0x00, 0x00, 0xFF, 0xC0, 0x00, 0x07,
  0xFE, 0x00, 0x00, 0x3F, 0xF0, 0x00, 0x01, 0xFF, 0x80, 0x00, 0x0F, 0xFC,
  0x00, 0x00, 0x7F, 0xE0, 0x00, 0x03, 0xFF, 0x00, 0x00, 0x1F, 0xF8, 0x00,
  0x00, 0xFF, 0xC0, 0x00, 0x07, 0xFE, 0x00, 0x00, 0x3F, 0xF0, 0x00, 0x01,
  0xFF, 0x80, 0x00, 0x0F, 0xFC, 0x00, 0x00, 0x7F, 0xE0, 0x00, 0x03, 0xFF,
  0x00, 0x00, 0x1F, 0xFF, 0xFF, 0xFF, 0xFF, 0xFF, 0xFF, 0xFF, 0xFF, 0xFF,
  0xFF, 0xFF, 0xFF, 0xFF, 0xFF, 0xFF, 0xFF, 0xFF, 0xFF, 0xFF, 0xFF, 0xFF,
  0xFF, 0xFF, 0xFF, 0xFF, 0xFF, 0xFF, 0xFF, 0xFF, 0xFF, 0xFF, 0xFF, 0x03,
  0x00, 0x00, 0x00, 0x00, 0x3C, 0x00, 0x00, 0x00, 0x07, 0xE0, 0x00, 0x00,
  0x00, 0xFF, 0x80, 0x00, 0x00, 0x0F, 0xFC, 0x00, 0x00, 0x00, 0x7F, 0xF0,
  0x00, 0x00, 0x01, 0xFF, 0x80, 0x00, 0x00, 0x0F, 0xFE, 0x00, 0x00, 0x00,
  0x3F, 0xF0, 0x00, 0x00, 0x01, 0xFF, 0x80, 0x00, 0x00, 0x07, 0xFE, 0x00,
  0x00, 0x00, 0x3F, 0xF0, 0x00, 0x00, 0x00, 0xFF, 0xC0, 0x00, 0x00, 0x07,
  0xFE, 0x00, 0x00, 0x00, 0x1F, 0xF8, 0x00, 0x00, 0x00, 0xFF, 0xC0, 0x00,
  0x00, 0x03, 0xFF, 0x00, 0x00, 0x00, 0x1F, 0xF8, 0x00, 0x00, 0x00, 0xFF,
  0xE0, 0x00, 0x00, 0x03, 0xFF, 0x00, 0x00, 0x00, 0x1F, 0xFC, 0x00, 0x00,
  0x00, 0x7F, 0xE0, 0x00, 0x00, 0x03, 0xFF, 0x00, 0x00, 0x00, 0x0F, 0xFC,
  0x00, 0x00, 0x00, 0x7F, 0xE0, 0x00, 0x00, 0x01, 0xFF, 0x80, 0x00, 0x00,
  0x0F, 0xFC, 0x00, 0x00, 0x00, 0x3F, 0xF0, 0x00, 0x00, 0x01, 0xFF, 0x80,
  0x00, 0x00, 0x07, 0xFE, 0x00, 0x00, 0x00, 0x3F, 0xF0, 0x00, 0x00, 0x01,
  0xFF, 0xC0, 0x00, 0x00, 0x07, 0xFE, 0x00, 0x00, 0x00, 0x3F, 0xF8, 0x00,
  0x00, 0x00, 0xFF, 0xC0, 0x00, 0x00, 0x07, 0xFE, 0x00, 0x00, 0x00, 0x1F,
  0xF8, 0x00, 0x00, 0x00, 0xFF, 0xC0, 0x00, 0x00, 0x03, 0xFF, 0x00, 0x00,
  0x00, 0x1F, 0xF8, 0x00, 0x00, 0x00, 0x7F, 0xE0, 0x00, 0x00, 0x03, 0xFF,
  0x00, 0x00, 0x00, 0x0F, 0xFC, 0x00, 0x00, 0x00, 0x7F, 0xE0, 0x00, 0x00,
  0x03, 0xFF, 0x80, 0x00, 0x00, 0x0F, 0xFC, 0x00, 0x00, 0x00, 0x7F, 0xF0,
  0x00, 0x00, 0x01, 0xFF, 0x80, 0x00, 0x00, 0x0F, 0xFC, 0x00, 0x00, 0x00,
  0x3F, 0xF0, 0x00, 0x00, 0x01, 0xFF, 0x80, 0x00, 0x00, 0x07, 0xFE, 0x00,
  0x00, 0x00, 0x3F, 0xF0, 0x00, 0x00, 0x00, 0xFF, 0xC0, 0x00, 0x00, 0x07,
  0xFE, 0x00, 0x00, 0x00, 0x1F, 0xF8, 0x00, 0x00, 0x00, 0xFF, 0xC0, 0x00,
  0x00, 0x03, 0xFF, 0x00, 0x00, 0x00, 0x1F, 0xF8, 0x00, 0x00, 0x00, 0xFF,
  0xE0, 0x00, 0x00, 0x03, 0xFF, 0x00, 0x00, 0x00, 0x1F, 0xF8, 0x00, 0x00,
  0x00, 0x7F, 0xE0, 0x00, 0x00, 0x03, 0xFF, 0x00, 0x00, 0x00, 0x0F, 0xE0,
  0x00, 0x00, 0x00, 0x7C, 0x00, 0x00, 0x00, 0x01, 0x80, 0xFF, 0xFF, 0xFF,
  0xFF, 0xFF, 0xFF, 0xFF, 0xFF, 0xFF, 0xFF, 0xFF, 0xFF, 0xFF, 0xFF, 0xFF,
  0xFF, 0xFF, 0xFF, 0xFF, 0xFF, 0xFF, 0xFF, 0xFF, 0xFF, 0xFF, 0xFF, 0xFF,
  0xFF, 0xFF, 0xFF, 0xFF, 0xFF, 0xF8, 0x00, 0x00, 0xFF, 0xC0, 0x00, 0x07,
  0xFE, 0x00, 0x00, 0x3F, 0xF0, 0x00, 0x01, 0xFF, 0x80, 0x00, 0x0F, 0xFC,
  0x00, 0x00, 0x7F, 0xE0, 0x00, 0x03, 0xFF, 0x00, 0x00, 0x1F, 0xF8, 0x00,
  0x00, 0xFF, 0xC0, 0x00, 0x07, 0xFE, 0x00, 0x00, 0x3F, 0xF0, 0x00, 0x01,
  0xFF, 0x80, 0x00, 0x0F, 0xFC, 0x00, 0x00, 0x7F, 0xE0, 0x00, 0x03, 0xFF,
  0x00, 0x00, 0x1F, 0xF8, 0x00, 0x00, 0xFF, 0xC0, 0x00, 0x07, 0xFE, 0x00,
  0x00, 0x3F, 0xF0, 0x00, 0x01, 0xFF, 0x80, 0x00, 0x0F, 0xFC, 0x00, 0x00,
  0x7F, 0xE0, 0x00, 0x03, 0xFF, 0x00, 0x00, 0x1F, 0xF8, 0x00, 0x00, 0xFF,
  0xC0, 0x00, 0x07, 0xFE, 0x00, 0x00, 0x3F, 0xF0, 0x00, 0x01, 0xFF, 0x80,
  0x00, 0x0F, 0xFC, 0x00, 0x00, 0x7F, 0xE0, 0x00, 0x03, 0xFF, 0x00, 0x00,
  0x1F, 0xF8, 0x00, 0x00, 0xFF, 0xC0, 0x00, 0x07, 0xFE, 0x00, 0x00, 0x3F,
  0xF0, 0x00, 0x01, 0xFF, 0x80, 0x00, 0x0F, 0xFC, 0x00, 0x00, 0x7F, 0xE0,
  0x00, 0x03, 0xFF, 0x00, 0x00, 0x1F, 0xF8, 0x00, 0x00, 0xFF, 0xC0, 0x00,
  0x07, 0xFE, 0x00, 0x00, 0x3F, 0xF0, 0x00, 0x01, 0xFF, 0x80, 0x00, 0x0F,
  0xFC, 0x00, 0x00, 0x7F, 0xE0, 0x00, 0x03, 0xFF, 0x00, 0x00, 0x1F, 0xF8,
  0x00, 0x00, 0xFF, 0xC0, 0x00, 0x07, 0xFE, 0x00, 0x00, 0x3F, 0xF0, 0x00,
  0x01, 0xFF, 0x80, 0x00, 0x0F, 0xFC, 0x00, 0x00, 0x7F, 0xFF, 0xFF, 0xFF,
  0xFF, 0xFF, 0xFF, 0xFF, 0xFF, 0xFF, 0xFF, 0xFF, 0xFF, 0xFF, 0xFF, 0xFF,
  0xFF, 0xFF, 0xFF, 0xFF, 0xFF, 0xFF, 0xFF, 0xFF, 0xFF, 0xFF, 0xFF, 0xFF,
  0xFF, 0xFF, 0xFF, 0xFF, 0xFF, 0xFF, 0x00, 0x01, 0xE0, 0x00, 0x00, 0x03,
  0xF0, 0x00, 0x00, 0x03, 0xF0, 0x00, 0x00, 0x07, 0xF8, 0x00, 0x00, 0x07,
  0xF8, 0x00, 0x00, 0x0F, 0xFC, 0x00, 0x00, 0x1F, 0xFE, 0x00, 0x00, 0x1F,
  0xFE, 0x00, 0x00, 0x3F, 0xFF, 0x00, 0x00, 0x7F, 0xFF, 0x00, 0x00, 0x7F,
  0xFF, 0x80, 0x00, 0xFF, 0xFF, 0x80, 0x01, 0xFF, 0x7F, 0xC0, 0x01, 0xFF,
  0x3F, 0xC0, 0x03, 0xFE, 0x3F, 0xE0, 0x03, 0xFE, 0x1F, 0xF0, 0x07, 0xFC,
  0x1F, 0xF0, 0x0F, 0xF8, 0x0F, 0xF8, 0x0F, 0xF8, 0x0F, 0xF8, 0x1F, 0xF0,
  0x07, 0xFC, 0x3F, 0xF0, 0x07, 0xFC, 0x3F, 0xE0, 0x03, 0xFE, 0x7F, 0xE0,
  0x03, 0xFE, 0xFF, 0xC0, 0x01, 0xFF, 0x7F, 0xC0, 0x01, 0xFE, 0x1F, 0x80,
  0x00, 0xF8, 0x03, 0x80, 0x00, 0xE0, 0x01, 0x00, 0x00, 0x80, 0xFF, 0xFF,
  0xFF, 0xFF, 0xFF, 0xFF, 0xFF, 0xFF, 0xFF, 0xFF, 0xFF, 0xFF, 0xFF, 0xFF,
  0xFF, 0xFF, 0xFF, 0xFF, 0xFF, 0xFF, 0xFF, 0xFF, 0xFF, 0xFF, 0xFF, 0xFF,
  0xFF, 0xFF, 0xFF, 0xFF, 0xFF, 0xFF, 0xFF, 0xFF, 0xFF, 0xFF, 0xFF, 0xFF,
  0xFF, 0xFF, 0xFF, 0xFF, 0xFF, 0xFF, 0xFF, 0xFF, 0x80, 0x00, 0x80, 0x00,
  0x70, 0x00, 0x7E, 0x00, 0x3F, 0xE0, 0x0F, 0xFC, 0x00, 0xFF, 0xC0, 0x1F,
  0xF8, 0x03, 0xFF, 0x00, 0x3F, 0xF0, 0x07, 0xFE, 0x00, 0x7F, 0xE0, 0x0F,
  0xFE, 0x01, 0xFF, 0xC0, 0x1F, 0xFC, 0x03, 0xFF, 0xC0, 0x3F, 0xFC, 0x07,
  0xFF, 0xC0, 0xFF, 0xFC, 0x0F, 0xFF, 0x80, 0xFF, 0xF0, 0x1F, 0xFE, 0x01,
  0xFF, 0xC0, 0x1F, 0xF8, 0x01, 0xFE, 0x00, 0x1F, 0x00, 0x00, 0x01, 0xFF,
  0x80, 0x00, 0x00, 0x7F, 0xFF, 0xC0, 0x00, 0x07, 0xFF, 0xFF, 0xC0, 0x00,
  0x3F, 0xFF, 0xFF, 0xC0, 0x03, 0xFF, 0xFF, 0xFF, 0x80, 0x1F, 0xFF, 0xFF,
  0xFF, 0x00, 0xFF, 0xFF, 0xFF, 0xFE, 0x07, 0xFF, 0xFF, 0xFF, 0xF8, 0x0F,
  0xFF, 0xFF, 0xFF, 0xF0, 0x1F, 0xF8, 0x03, 0xFF, 0xC0, 0x7F, 0x80, 0x07,
  0xFF, 0x00, 0xFC, 0x00, 0x0F, 0xFE, 0x01, 0xC0, 0x00, 0x3F, 0xF8, 0x02,
  0x00, 0x00, 0x7F, 0xE0, 0x00, 0x00, 0x01, 0xFF, 0x80, 0x00, 0x00, 0x07,
  0xFE, 0x00, 0x00, 0x00, 0x1F, 0xF8, 0x00, 0x00, 0x00, 0x7F, 0xF0, 0x00,
  0x1F, 0xFF, 0xFF, 0xC0, 0x07, 0xFF, 0xFF, 0xFF, 0x00, 0x7F, 0xFF, 0xFF,
  0xFC, 0x07, 0xFF, 0xFF, 0xFF, 0xF0, 0x7F, 0xFF, 0xFF, 0xFF, 0xC3, 0xFF,
  0xFF, 0xFF, 0xFF, 0x1F, 0xFF, 0xFF, 0xFF, 0xFC, 0xFF, 0xFF, 0xFF, 0xFF,
  0xF3, 0xFF, 0xFF, 0xFF, 0xFF, 0xDF, 0xFF, 0x80, 0x03, 0xFF, 0x7F, 0xF8,
  0x00, 0x0F, 0xFF, 0xFF, 0xC0, 0x00, 0x3F, 0xFF, 0xFE, 0x00, 0x01, 0xFF,
  0xFF, 0xF0, 0x00, 0x07, 0xFF, 0xFF, 0xC0, 0x00, 0x3F, 0xFF, 0xFF, 0x00,
  0x00, 0xFF, 0xFF, 0xFC, 0x00, 0x07, 0xFF, 0xFF, 0xF8, 0x00, 0x3F, 0xFF,
  0xFF, 0xF0, 0x03, 0xFF, 0xFF, 0xFF, 0xF0, 0x3F, 0xFF, 0xF7, 0xFF, 0xFF,
  0xFF, 0xFF, 0xDF, 0xFF, 0xFF, 0xFF, 0xFF, 0x3F, 0xFF, 0xFF, 0xFF, 0xFC,
  0xFF, 0xFF, 0xFF, 0xFF, 0xF1, 0xFF, 0xFF, 0xFD, 0xFF, 0xC3, 0xFF, 0xFF,
  0xE7, 0xFF, 0x03, 0xFF, 0xFE, 0x1F, 0xFC, 0x03, 0xFF, 0xE0, 0x00, 0x00,
  0x00, 0x30, 0x00, 0x00, 0x00, 0xFF, 0xF0, 0x00, 0x00, 0x01, 0xFF, 0xC0,
  0x00, 0x00, 0x03, 0xFF, 0x00, 0x00, 0x00, 0x07, 0xFE, 0x00, 0x00, 0x00,
  0x0F, 0xFC, 0x00, 0x00, 0x00, 0x1F, 0xF8, 0x00, 0x00, 0x00, 0x3F, 0xF0,
  0x00, 0x00, 0x00, 0x7F, 0xE0, 0x00, 0x00, 0x00, 0xFF, 0xC0, 0x00, 0x00,
  0x01, 0xFF, 0x80, 0x00, 0x00, 0x03, 0xFF, 0x00, 0x00, 0x00, 0x07, 0xFE,
  0x00, 0x00, 0x00, 0x0F, 0xFC, 0x00, 0x00, 0x00, 0x1F, 0xF8, 0x00, 0x00,
  0x00, 0x3F, 0xF0, 0x00, 0x00, 0x00, 0x7F, 0xE0, 0x00, 0x00, 0x00, 0xFF,
  0xC0, 0x00, 0x00, 0x01, 0xFF, 0x80, 0x00, 0x00, 0x03, 0xFF, 0x00, 0x00,
  0x00, 0x07, 0xFE, 0x03, 0xFC, 0x00, 0x0F, 0xFC, 0x3F, 0xFF, 0x00, 0x1F,
  0xF8, 0xFF, 0xFF, 0x80, 0x3F, 0xF7, 0xFF, 0xFF, 0x80, 0x7F, 0xFF, 0xFF,
  0xFF, 0x80, 0xFF, 0xFF, 0xFF, 0xFF, 0x81, 0xFF, 0xFF, 0xFF, 0xFF, 0x83,
  0xFF, 0xFF, 0xFF, 0xFF, 0x87, 0xFF, 0xFF, 0xFF, 0xFF, 0x8F, 0xFF, 0xE0,
  0x3F, 0xFF, 0x1F, 0xFF, 0x00, 0x1F, 0xFF, 0x3F, 0xFC, 0x00, 0x1F, 0xFE,
  0x7F, 0xF8, 0x00, 0x1F, 0xFC, 0xFF, 0xE0, 0x00, 0x3F, 0xFD, 0xFF, 0xC0,
  0x00, 0x3F, 0xFB, 0xFF, 0x80, 0x00, 0x7F, 0xF7, 0xFF, 0x00, 0x00, 0xFF,
  0xEF, 0xFC, 0x00, 0x00, 0xFF, 0xFF, 0xF8, 0x00, 0x01, 0xFF, 0xFF, 0xF0,
  0x00, 0x03, 0xFF, 0xFF, 0xE0, 0x00, 0x07, 0xFF, 0xFF, 0xC0, 0x00, 0x0F,
  0xFF, 0xFF, 0x80, 0x00, 0x1F, 0xFF, 0xFF, 0x00, 0x00, 0x3F, 0xFF, 0xFE,
  0x00, 0x00, 0x7F, 0xFF, 0xFC, 0x00, 0x00, 0xFF, 0xFF, 0xF8, 0x00, 0x01,
  0xFF, 0xFF, 0xF0, 0x00, 0x03, 0xFF, 0x7F, 0xF0, 0x00, 0x07, 0xFE, 0xFF,
  0xE0, 0x00, 0x0F, 0xFD, 0xFF, 0xC0, 0x00, 0x3F, 0xFB, 0xFF, 0x80, 0x00,
  0x7F, 0xF7, 0xFF, 0x80, 0x00, 0xFF, 0xCF, 0xFF, 0x00, 0x03, 0xFF, 0x9F,
  0xFE, 0x00, 0x0F, 0xFF, 0x3F, 0xFE, 0x00, 0x3F, 0xFC, 0x7F, 0xFE, 0x00,
  0xFF, 0xF8, 0xFF, 0xFF, 0x07, 0xFF, 0xE1, 0xFF, 0xFF, 0xFF, 0xFF, 0x83,
  0xFF, 0xFF, 0xFF, 0xFF, 0x07, 0xFF, 0xFF, 0xFF, 0xFC, 0x0F, 0xF7, 0xFF,
  0xFF, 0xF0, 0x1F, 0xE7, 0xFF, 0xFF, 0xC0, 0x3F, 0xC7, 0xFF, 0xFE, 0x00,
  0x7F, 0x07, 0xFF, 0xF8, 0x00, 0x00, 0x01, 0xFF, 0xC0, 0x00, 0x00, 0x00,
  0x10, 0x00, 0x00, 0x00, 0x00, 0x7F, 0xE0, 0x00, 0x00, 0x07, 0xFF, 0xFC,
  0x00, 0x00, 0x7F, 0xFF, 0xFE, 0x00, 0x01, 0xFF, 0xFF, 0xFF, 0x00, 0x0F,
  0xFF, 0xFF, 0xFF, 0x00, 0x3F, 0xFF, 0xFF, 0xFF, 0x00, 0xFF, 0xFF, 0xFF,
  0xFF, 0x03, 0xFF, 0xFF, 0xFF, 0xFF, 0x0F, 0xFF, 0xFF, 0xFF, 0xFE, 0x1F,
  0xFF, 0x80, 0x3F, 0xF8, 0x7F, 0xFC, 0x00, 0x3F, 0xE1, 0xFF, 0xF0, 0x00,
  0x1F, 0xC3, 0xFF, 0xC0, 0x00, 0x1F, 0x0F, 0xFF, 0x00, 0x00, 0x3C, 0x1F,
  0xFC, 0x00, 0x00, 0x30, 0x3F, 0xF8, 0x00, 0x00, 0x40, 0xFF, 0xE0, 0x00,
  0x00, 0x01, 0xFF, 0xC0, 0x00, 0x00, 0x03, 0xFF, 0x80, 0x00, 0x00, 0x07,
  0xFF, 0x00, 0x00, 0x00, 0x0F, 0xFC, 0x00, 0x00, 0x00, 0x1F, 0xF8, 0x00,
  0x00, 0x00, 0x3F, 0xF0, 0x00, 0x00, 0x00, 0x7F, 0xE0, 0x00, 0x00, 0x00,
  0xFF, 0xC0, 0x00, 0x00, 0x01, 0xFF, 0x80, 0x00, 0x00, 0x03, 0xFF, 0x80,
  0x00, 0x00, 0x07, 0xFF, 0x00, 0x00, 0x00, 0x0F, 0xFE, 0x00, 0x00, 0x00,
  0x1F, 0xFC, 0x00, 0x00, 0x00, 0x1F, 0xFC, 0x00, 0x00, 0x00, 0x3F, 0xF8,
  0x00, 0x00, 0x00, 0x7F, 0xF8, 0x00, 0x00, 0xC0, 0x7F, 0xF8, 0x00, 0x03,
  0xC0, 0xFF, 0xF8, 0x00, 0x0F, 0x80, 0xFF, 0xF8, 0x00, 0x3F, 0x81, 0xFF,
  0xF8, 0x01, 0xFF, 0x81, 0xFF, 0xFF, 0xFF, 0xFF, 0x81, 0xFF, 0xFF, 0xFF,
  0xFF, 0x81, 0xFF, 0xFF, 0xFF, 0xFE, 0x01, 0xFF, 0xFF, 0xFF, 0xF8, 0x01,
  0xFF, 0xFF, 0xFF, 0xE0, 0x01, 0xFF, 0xFF, 0xFF, 0x80, 0x00, 0xFF, 0xFF,
  0xFC, 0x00, 0x00, 0x7F, 0xFF, 0xC0, 0x00, 0x00, 0x1F, 0xFC, 0x00, 0x00,
  0x00, 0x00, 0x00, 0x07, 0xFF, 0x00, 0x00, 0x00, 0x07, 0xFF, 0x00, 0x00,
  0x00, 0x07, 0xFE, 0x00, 0x00, 0x00, 0x07, 0xFE, 0x00, 0x00, 0x00, 0x07,
  0xFE, 0x00, 0x00, 0x00, 0x07, 0xFE, 0x00, 0x00, 0x00, 0x07, 0xFE, 0x00,
  0x00, 0x00, 0x07, 0xFE, 0x00, 0x00, 0x00, 0x07, 0xFE, 0x00, 0x00, 0x00,
  0x07, 0xFE, 0x00, 0x00, 0x00, 0x07, 0xFE, 0x00, 0x00, 0x00, 0x07, 0xFE,
  0x00, 0x00, 0x00, 0x07, 0xFE, 0x00, 0x00, 0x00, 0x07, 0xFE, 0x00, 0x00,
  0x00, 0x07, 0xFE, 0x00, 0x00, 0x00, 0x07, 0xFE, 0x00, 0x00, 0x00, 0x07,
  0xFE, 0x00, 0x00, 0x00, 0x07, 0xFE, 0x00, 0x00, 0x00, 0x07, 0xFE, 0x00,
  0x03, 0xFC, 0x07, 0xFE, 0x00, 0x0F, 0xFF, 0x07, 0xFE, 0x00, 0x3F, 0xFF,
  0xC7, 0xFE, 0x00, 0xFF, 0xFF, 0xF7, 0xFE, 0x01, 0xFF, 0xFF, 0xFF, 0xFE,
  0x03, 0xFF, 0xFF, 0xFF, 0xFE, 0x07, 0xFF, 0xFF, 0xFF, 0xFE, 0x0F, 0xFF,
  0xFF, 0xFF, 0xFE, 0x0F, 0xFF, 0xFF, 0xFF, 0xFE, 0x1F, 0xFF, 0x00, 0xFF,
  0xFE, 0x1F, 0xFE, 0x00, 0x7F, 0xFE, 0x3F, 0xFC, 0x00, 0x3F, 0xFE, 0x3F,
  0xF8, 0x00, 0x1F, 0xFE, 0x7F, 0xF0, 0x00, 0x1F, 0xFE, 0x7F, 0xF0, 0x00,
  0x0F, 0xFE, 0x7F, 0xF0, 0x00, 0x0F, 0xFE, 0x7F, 0xE0, 0x00, 0x0F, 0xFE,
  0xFF, 0xE0, 0x00, 0x0F, 0xFE, 0xFF, 0xE0, 0x00, 0x0F, 0xFE, 0xFF, 0xE0,
  0x00, 0x07, 0xFE, 0xFF, 0xE0, 0x00, 0x07, 0xFE, 0xFF, 0xE0, 0x00, 0x07,
  0xFE, 0xFF, 0xC0, 0x00, 0x07, 0xFE, 0xFF, 0xC0, 0x00, 0x07, 0xFE, 0xFF,
  0xC0, 0x00, 0x07, 0xFE, 0xFF, 0xE0, 0x00, 0x07, 0xFE, 0xFF, 0xE0, 0x00,
  0x07, 0xFE, 0xFF, 0xE0, 0x00, 0x0F, 0xFE, 0xFF, 0xE0, 0x00, 0x0F, 0xFE,
  0xFF, 0xE0, 0x00, 0x0F, 0xFE, 0xFF, 0xE0, 0x00, 0x0F, 0xFE, 0x7F, 0xF0,
  0x00, 0x0F, 0xFE, 0x7F, 0xF0, 0x00, 0x1F, 0xFE, 0x7F, 0xF8, 0x00, 0x1F,
  0xFE, 0x3F, 0xF8, 0x00, 0x3F, 0xFE, 0x3F, 0xFC, 0x00, 0x3F, 0xFE, 0x3F,
  0xFE, 0x00, 0x7F, 0xFE, 0x1F, 0xFF, 0x81, 0xFF, 0xFE, 0x0F, 0xFF, 0xFF,
  0xFF, 0xFE, 0x0F, 0xFF, 0xFF, 0xFF, 0xFE, 0x07, 0xFF, 0xFF, 0xFF, 0xFE,
  0x03, 0xFF, 0xFF, 0xFF, 0xFE, 0x01, 0xFF, 0xFF, 0xF7, 0xFE, 0x00, 0xFF,
  0xFF, 0xE7, 0xFF, 0x00, 0x3F, 0xFF, 0xC7, 0xFF, 0x00, 0x0F, 0xFF, 0x00,
  0x00, 0x00, 0x00, 0x20, 0x00, 0x00, 0x00, 0x00, 0x7F, 0xC0, 0x00, 0x00,
  0x07, 0xFF, 0xF8, 0x00, 0x00, 0x1F, 0xFF, 0xFE, 0x00, 0x00, 0x3F, 0xFF,
  0xFF, 0x00, 0x00, 0xFF, 0xFF, 0xFF, 0x80, 0x01, 0xFF, 0xFF, 0xFF, 0xC0,
  0x03, 0xFF, 0xFF, 0xFF, 0xE0, 0x07, 0xFF, 0xFF, 0xFF, 0xF0, 0x07, 0xFF,
  0xFF, 0xFF, 0xF8, 0x0F, 0xFF, 0x80, 0x7F, 0xF8, 0x0F, 0xFE, 0x00, 0x3F,
  0xFC, 0x1F, 0xFC, 0x00, 0x1F, 0xFC, 0x1F, 0xF8, 0x00, 0x0F, 0xFC, 0x3F,
  0xF8, 0x00, 0x0F, 0xFE, 0x3F, 0xF0, 0x00, 0x07, 0xFE, 0x3F, 0xF0, 0x00,
  0x07, 0xFE, 0x7F, 0xF0, 0x00, 0x07, 0xFE, 0x7F, 0xE0, 0x00, 0x07, 0xFF,
  0x7F, 0xE0, 0x00, 0x07, 0xFF, 0x7F, 0xFF, 0xFF, 0xFF, 0xFF, 0x7F, 0xFF,
  0xFF, 0xFF, 0xFF, 0x7F, 0xFF, 0xFF, 0xFF, 0xFF, 0xFF, 0xFF, 0xFF, 0xFF,
  0xFF, 0xFF, 0xFF, 0xFF, 0xFF, 0xFF, 0xFF, 0xFF, 0xFF, 0xFF, 0xFF, 0xFF,
  0xFF, 0xFF, 0xFF, 0xFF, 0x7F, 0xFF, 0xFF, 0xFF, 0xFF, 0x7F, 0xE0, 0x00,
  0x00, 0x00, 0x7F, 0xE0, 0x00, 0x00, 0x00, 0x7F, 0xE0, 0x00, 0x00, 0x00,
  0x7F, 0xF0, 0x00, 0x00, 0x00, 0x7F, 0xF0, 0x00, 0x00, 0x00, 0x3F, 0xF8,
  0x00, 0x00, 0x00, 0x3F, 0xF8, 0x00, 0x00, 0x40, 0x3F, 0xFC, 0x00, 0x00,
  0xC0, 0x1F, 0xFE, 0x00, 0x01, 0xE0, 0x1F, 0xFF, 0x00, 0x03, 0xF0, 0x0F,
  0xFF, 0xC0, 0x0F, 0xF8, 0x07, 0xFF, 0xFF, 0xFF, 0xFC, 0x07, 0xFF, 0xFF,
  0xFF, 0xFE, 0x03, 0xFF, 0xFF, 0xFF, 0xFC, 0x01, 0xFF, 0xFF, 0xFF, 0xF8,
  0x00, 0xFF, 0xFF, 0xFF, 0xF0, 0x00, 0x3F, 0xFF, 0xFF, 0xC0, 0x00, 0x0F,
  0xFF, 0xFF, 0x00, 0x00, 0x03, 0xFF, 0xFE, 0x00, 0x00, 0x00, 0x7F, 0xE0,
  0x00, 0x00, 0x00, 0x00, 0x10, 0x00, 0x00, 0x00, 0x01, 0xFF, 0xF0, 0x00,
  0x00, 0x01, 0xFF, 0xFF, 0x00, 0x00, 0x01, 0xFF, 0xFF, 0xF0, 0x00, 0x00,
  0xFF, 0xFF, 0xFE, 0x00, 0x00, 0x7F, 0xFF, 0xFF, 0xC0, 0x00, 0x3F, 0xFF,
  0xFF, 0xF8, 0x00, 0x1F, 0xFF, 0xFF, 0xFF, 0x00, 0x07, 0xFF, 0xFF, 0xFF,
  0xC0, 0x03, 0xFF, 0xE0, 0x7F, 0xF0, 0x00, 0xFF, 0xE0, 0x07, 0xF8, 0x00,
  0x7F, 0xF0, 0x00, 0xFE, 0x00, 0x1F, 0xFC, 0x00, 0x1F, 0x00, 0x07, 0xFE,
  0x00, 0x03, 0xC0, 0x03, 0xFF, 0x80, 0x00, 0x60, 0x00, 0xFF, 0xE0, 0x00,
  0x18, 0x00, 0x3F, 0xF0, 0x00, 0x00, 0x00, 0x0F, 0xFC, 0x00, 0x00, 0x00,
  0x03, 0xFF, 0x00, 0x00, 0x00, 0x00, 0xFF, 0xC0, 0x00, 0x00, 0x00, 0x3F,
  0xF0, 0x00, 0x00, 0x00, 0x0F, 0xFC, 0x00, 0x00, 0x00, 0x03, 0xFF, 0x00,
  0x00, 0x03, 0xFF, 0xFF, 0xFF, 0xFE, 0x00, 0xFF, 0xFF, 0xFF, 0xFF, 0x80,
  0x3F, 0xFF, 0xFF, 0xFF, 0xE0, 0x0F, 0xFF, 0xFF, 0xFF, 0xF8, 0x03, 0xFF,
  0xFF, 0xFF, 0xFE, 0x00, 0xFF, 0xFF, 0xFF, 0xFF, 0x80, 0x3F, 0xFF, 0xFF,
  0xFF, 0xE0, 0x0F, 0xFF, 0xFF, 0xFF, 0xF8, 0x03, 0xFF, 0xFF, 0xFF, 0xFE,
  0x00, 0x00, 0x3F, 0xF0, 0x00, 0x00, 0x00, 0x0F, 0xFC, 0x00, 0x00, 0x00,
  0x03, 0xFF, 0x00, 0x00, 0x00, 0x00, 0xFF, 0xC0, 0x00, 0x00, 0x00, 0x3F,
  0xF0, 0x00, 0x00, 0x00, 0x0F, 0xFC, 0x00, 0x00, 0x00, 0x03, 0xFF, 0x00,
  0x00, 0x00, 0x00, 0xFF, 0xC0, 0x00, 0x00, 0x00, 0x3F, 0xF0, 0x00, 0x00,
  0x00, 0x0F, 0xFC, 0x00, 0x00, 0x00, 0x03, 0xFF, 0x00, 0x00, 0x00, 0x00,
  0xFF, 0xC0, 0x00, 0x00, 0x00, 0x3F, 0xF0, 0x00, 0x00, 0x00, 0x0F, 0xFC,
  0x00, 0x00, 0x00, 0x03, 0xFF, 0x00, 0x00, 0x00, 0x00, 0xFF, 0xC0, 0x00,
  0x00, 0x00, 0x3F, 0xF0, 0x00, 0x00, 0x00, 0x0F, 0xFC, 0x00, 0x00, 0x00,
  0x03, 0xFF, 0x00, 0x00, 0x00, 0x00, 0xFF, 0xC0, 0x00, 0x00, 0x00, 0x3F,
  0xF0, 0x00, 0x00, 0x00, 0x0F, 0xFC, 0x00, 0x00, 0x00, 0x03, 0xFF, 0x00,
  0x00, 0x00, 0x00, 0xFF, 0xC0, 0x00, 0x00, 0x00, 0x3F, 0xF0, 0x00, 0x00,
  0x00, 0x0F, 0xFC, 0x00, 0x00, 0x00, 0x03, 0xFF, 0x00, 0x00, 0x00, 0x00,
  0xFF, 0xC0, 0x00, 0x00, 0x00, 0x3F, 0xF0, 0x00, 0x00, 0x00, 0x0F, 0xFC,
  0x00, 0x00, 0x00, 0x03, 0xFF, 0x00, 0x00, 0x00, 0x00, 0xFF, 0xC0, 0x00,
  0x00, 0x00, 0x3F, 0xF0, 0x00, 0x00, 0x00, 0x00, 0x01, 0xFE, 0x00, 0x3F,
  0xC0, 0x01, 0xFF, 0xF8, 0x1F, 0xF8, 0x00, 0xFF, 0xFF, 0xCF, 0xFF, 0x00,
  0x3F, 0xFF, 0xFF, 0xFF, 0xE0, 0x0F, 0xFF, 0xFF, 0xFF, 0xFC, 0x03, 0xFF,
  0xFF, 0xFF, 0xFF, 0x80, 0xFF, 0xFF, 0xFF, 0xFF, 0xF0, 0x3F, 0xFF, 0xFF,
  0xFF, 0xFF, 0x0F, 0xFF, 0xFF, 0xFF, 0xFF, 0xE1, 0xFF, 0xC0, 0x7F, 0xF8,
  0x00, 0x7F, 0xF0, 0x03, 0xFF, 0x00, 0x0F, 0xFC, 0x00, 0x7F, 0xF0, 0x01,
  0xFF, 0x80, 0x07, 0xFE, 0x00, 0x3F, 0xE0, 0x00, 0xFF, 0xC0, 0x0F, 0xFC,
  0x00, 0x0F, 0xF8, 0x01, 0xFF, 0x80, 0x01, 0xFF, 0x00, 0x3F, 0xF0, 0x00,
  0x3F, 0xE0, 0x07, 0xFE, 0x00, 0x07, 0xFC, 0x00, 0xFF, 0xC0, 0x01, 0xFF,
  0x80, 0x0F, 0xFC, 0x00, 0x3F, 0xF0, 0x01, 0xFF, 0xC0, 0x0F, 0xFE, 0x00,
  0x3F, 0xFC, 0x03, 0xFF, 0x80, 0x03, 0xFF, 0xC1, 0xFF, 0xF0, 0x00, 0x7F,
  0xFF, 0xFF, 0xFC, 0x00, 0x07, 0xFF, 0xFF, 0xFF, 0x80, 0x00, 0x7F, 0xFF,
  0xFF, 0xE0, 0x00, 0x07, 0xFF, 0xFF, 0xF8, 0x00, 0x00, 0x7F, 0xFF, 0xFE,
  0x00, 0x00, 0x1F, 0xFF, 0xFF, 0x80, 0x00, 0x07, 0xFF, 0xFF, 0xC0, 0x00,
  0x01, 0xFF, 0xFF, 0xE0, 0x00, 0x00, 0x3F, 0xE1, 0x80, 0x00, 0x00, 0x0F,
  0xF8, 0x00, 0x00, 0x00, 0x01, 0xFE, 0x00, 0x00, 0x00, 0x00, 0x7F, 0xC0,
  0x00, 0x00, 0x00, 0x0F, 0xFC, 0x00, 0x00, 0x00, 0x01, 0xFF, 0xFF, 0xF0,
  0x00, 0x00, 0x3F, 0xFF, 0xFF, 0xFE, 0x00, 0x07, 0xFF, 0xFF, 0xFF, 0xF8,
  0x00, 0xFF, 0xFF, 0xFF, 0xFF, 0x80, 0x0F, 0xFF, 0xFF, 0xFF, 0xF8, 0x00,
  0xFF, 0xFF, 0xFF, 0xFF, 0x80, 0x1F, 0xFF, 0xFF, 0xFF, 0xF8, 0x07, 0xFF,
  0xFF, 0xFF, 0xFF, 0x81, 0xFF, 0xFF, 0xFF, 0xFF, 0xF0, 0x7F, 0xE0, 0x00,
  0x1F, 0xFE, 0x1F, 0xF8, 0x00, 0x00, 0xFF, 0xC3, 0xFE, 0x00, 0x00, 0x1F,
  0xF8, 0xFF, 0xC0, 0x00, 0x01, 0xFF, 0x1F, 0xF8, 0x00, 0x00, 0x3F, 0xE3,
  0xFF, 0x00, 0x00, 0x0F, 0xFC, 0x7F, 0xE0, 0x00, 0x03, 0xFF, 0x8F, 0xFF,
  0x00, 0x00, 0xFF, 0xF1, 0xFF, 0xFC, 0x00, 0xFF, 0xFC, 0x1F, 0xFF, 0xFF,
  0xFF, 0xFF, 0x03, 0xFF, 0xFF, 0xFF, 0xFF, 0xE0, 0x3F, 0xFF, 0xFF, 0xFF,
  0xF8, 0x03, 0xFF, 0xFF, 0xFF, 0xFE, 0x00, 0x3F, 0xFF, 0xFF, 0xFF, 0x00,
  0x01, 0xFF, 0xFF, 0xFF, 0x80, 0x00, 0x07, 0xFF, 0xFF, 0xC0, 0x00, 0x00,
  0x0F, 0xFF, 0x80, 0x00, 0x00, 0xFF, 0xF0, 0x00, 0x00, 0x0F, 0xFE, 0x00,
  0x00, 0x00, 0xFF, 0xC0, 0x00, 0x00, 0x0F, 0xFC, 0x00, 0x00, 0x00, 0xFF,
  0xC0, 0x00, 0x00, 0x0F, 0xFC, 0x00, 0x00, 0x00, 0xFF, 0xC0, 0x00, 0x00,
  0x0F, 0xFC, 0x00, 0x00, 0x00, 0xFF, 0xC0, 0x00, 0x00, 0x0F, 0xFC, 0x00,
  0x00, 0x00, 0xFF, 0xC0, 0x00, 0x00, 0x0F, 0xFC, 0x00, 0x00, 0x00, 0xFF,
  0xC0, 0x00, 0x00, 0x0F, 0xFC, 0x00, 0x00, 0x00, 0xFF, 0xC0, 0x00, 0x00,
  0x0F, 0xFC, 0x00, 0x00, 0x00, 0xFF, 0xC0, 0x00, 0x00, 0x0F, 0xFC, 0x00,
  0x00, 0x00, 0xFF, 0xC0, 0x00, 0x00, 0x0F, 0xFC, 0x03, 0xFC, 0x00, 0xFF,
  0xC1, 0xFF, 0xF8, 0x0F, 0xFC, 0x3F, 0xFF, 0xE0, 0xFF, 0xCF, 0xFF, 0xFF,
  0x0F, 0xFD, 0xFF, 0xFF, 0xF8, 0xFF, 0xFF, 0xFF, 0xFF, 0x8F, 0xFF, 0xFF,
  0xFF, 0xFC, 0xFF, 0xFF, 0xFF, 0xFF, 0xCF, 0xFF, 0xFF, 0xFF, 0xFE, 0xFF,
  0xFE, 0x01, 0xFF, 0xEF, 0xFF, 0xC0, 0x0F, 0xFE, 0xFF, 0xF8, 0x00, 0x7F,
  0xFF, 0xFF, 0x00, 0x07, 0xFF, 0xFF, 0xF0, 0x00, 0x7F, 0xFF, 0xFE, 0x00,
  0x03, 0xFF, 0xFF, 0xE0, 0x00, 0x3F, 0xFF, 0xFE, 0x00, 0x03, 0xFF, 0xFF,
  0xC0, 0x00, 0x3F, 0xFF, 0xFC, 0x00, 0x03, 0xFF, 0xFF, 0xC0, 0x00, 0x3F,
  0xFF, 0xFC, 0x00, 0x03, 0xFF, 0xFF, 0xC0, 0x00, 0x3F, 0xFF, 0xFC, 0x00,
  0x03, 0xFF, 0xFF, 0xC0, 0x00, 0x3F, 0xFF, 0xFC, 0x00, 0x03, 0xFF, 0xFF,
  0xC0, 0x00, 0x3F, 0xFF, 0xFC, 0x00, 0x03, 0xFF, 0xFF, 0xC0, 0x00, 0x3F,
  0xFF, 0xFC, 0x00, 0x03, 0xFF, 0xFF, 0xC0, 0x00, 0x3F, 0xFF, 0xFC, 0x00,
  0x03, 0xFF, 0xFF, 0xC0, 0x00, 0x3F, 0xFF, 0xFC, 0x00, 0x03, 0xFF, 0xFF,
  0xC0, 0x00, 0x3F, 0xFF, 0xFC, 0x00, 0x03, 0xFF, 0xFF, 0xC0, 0x00, 0x3F,
  0xFF, 0xFC, 0x00, 0x03, 0xFF, 0xFF, 0xC0, 0x00, 0x3F, 0xFF, 0xFC, 0x00,
  0x03, 0xFF, 0xFF, 0xC0, 0x00, 0x3F, 0xFF, 0xFC, 0x00, 0x03, 0xFF, 0xFF,
  0xC0, 0x00, 0x3F, 0xFF, 0xFC, 0x00, 0x03, 0xFF, 0xFF, 0xC0, 0x00, 0x3F,
  0xFF, 0xFC, 0x00, 0x03, 0xFF, 0x00, 0x07, 0xE0, 0x00, 0x00, 0x3F, 0xE0,
  0x00, 0x00, 0x7F, 0xE0, 0x00, 0x01, 0xFF, 0xE0, 0x00, 0x03, 0xFF, 0xC0,
  0x00, 0x0F, 0xFF, 0xC0, 0x00, 0x1F, 0xFF, 0x80, 0x00, 0x1F, 0xFE, 0x00,
  0x00, 0x3F, 0xFC, 0x00, 0x00, 0x3F, 0xF0, 0x00, 0x00, 0x3F, 0xC0, 0x00,
  0x00, 0x3F, 0x00, 0x00, 0x00, 0x00, 0x00, 0x00, 0x00, 0x00, 0x00, 0x00,
  0x00, 0x00, 0x00, 0x00, 0x00, 0x00, 0x00, 0x00, 0x00, 0x00, 0x00, 0x00,
  0x00, 0x00, 0x00, 0x00, 0x00, 0x00, 0x00, 0x00, 0x00, 0x00, 0x0F, 0xFF,
  0xFF, 0x80, 0x1F, 0xFF, 0xFF, 0x00, 0x3F, 0xFF, 0xFE, 0x00, 0x7F, 0xFF,
  0xFC, 0x00, 0xFF, 0xFF, 0xF8, 0x01, 0xFF, 0xFF, 0xF0, 0x03, 0xFF, 0xFF,
  0xE0, 0x07, 0xFF, 0xFF, 0xC0, 0x0F, 0xFF, 0xFF, 0x80, 0x00, 0x03, 0xFF,
  0x00, 0x00, 0x07, 0xFE, 0x00, 0x00, 0x0F, 0xFC, 0x00, 0x00, 0x1F, 0xF8,
  0x00, 0x00, 0x3F, 0xF0, 0x00, 0x00, 0x7F, 0xE0, 0x00, 0x00, 0xFF, 0xC0,
  0x00, 0x01, 0xFF, 0x80, 0x00, 0x03, 0xFF, 0x00, 0x00, 0x07, 0xFE, 0x00,
  0x00, 0x0F, 0xFC, 0x00, 0x00, 0x1F, 0xF8, 0x00, 0x00, 0x3F, 0xF0, 0x00,
  0x00, 0x7F, 0xE0, 0x00, 0x00, 0xFF, 0xC0, 0x00, 0x01, 0xFF, 0x80, 0x00,
  0x03, 0xFF, 0x00, 0x00, 0x07, 0xFE, 0x00, 0x00, 0x0F, 0xFC, 0x00, 0x00,
  0x1F, 0xF8, 0x00, 0x00, 0x3F, 0xF0, 0x00, 0x00, 0x7F, 0xE0, 0x00, 0x00,
  0xFF, 0xC0, 0x00, 0x01, 0xFF, 0x80, 0x00, 0x03, 0xFF, 0x00, 0x00, 0x07,
  0xFE, 0x00, 0x00, 0x0F, 0xFC, 0x00, 0xFF, 0xFF, 0xFF, 0xFF, 0xFF, 0xFF,
  0xFF, 0xFF, 0xFF, 0xFF, 0xFF, 0xFF, 0xFF, 0xFF, 0xFF, 0xFF, 0xFF, 0xFF,
  0xFF, 0xFF, 0xFF, 0xFF, 0xFF, 0xFF, 0xFF, 0xFF, 0xFF, 0xFF, 0xFF, 0xFF,
  0xFF, 0xFF, 0xFF, 0xFF, 0xFE, 0x00, 0x00, 0x00, 0x20, 0x00, 0x00, 0x00,
  0x7F, 0x80, 0x00, 0x00, 0x3F, 0xF0, 0x00, 0x00, 0x1F, 0xFE, 0x00, 0x00,
  0x07, 0xFF, 0x80, 0x00, 0x03, 0xFF, 0xE0, 0x00, 0x00, 0xFF, 0xFC, 0x00,
  0x00, 0x3F, 0xFF, 0x00, 0x00, 0x07, 0xFF, 0x80, 0x00, 0x01, 0xFF, 0xE0,
  0x00, 0x00, 0x3F, 0xF0, 0x00, 0x00, 0x07, 0xF0, 0x00, 0x00, 0x00, 0x30,
  0x00, 0x00, 0x00, 0x00, 0x00, 0x00, 0x00, 0x00, 0x00, 0x00, 0x00, 0x00,
  0x00, 0x00, 0x00, 0x00, 0x00, 0x00, 0x00, 0x00, 0x00, 0x00, 0x00, 0x00,
  0x00, 0x00, 0x00, 0x00, 0x00, 0x00, 0x00, 0x00, 0x00, 0x00, 0x00, 0xFF,
  0xFF, 0xFF, 0xC0, 0x3F, 0xFF, 0xFF, 0xF0, 0x0F, 0xFF, 0xFF, 0xFC, 0x03,
  0xFF, 0xFF, 0xFF, 0x00, 0xFF, 0xFF, 0xFF, 0xC0, 0x3F, 0xFF, 0xFF, 0xF0,
  0x0F, 0xFF, 0xFF, 0xFC, 0x03, 0xFF, 0xFF, 0xFF, 0x00, 0xFF, 0xFF, 0xFF,
  0xC0, 0x00, 0x00, 0x3F, 0xF0, 0x00, 0x00, 0x0F, 0xFC, 0x00, 0x00, 0x03,
  0xFF, 0x00, 0x00, 0x00, 0xFF, 0xC0, 0x00, 0x00, 0x3F, 0xF0, 0x00, 0x00,
  0x0F, 0xFC, 0x00, 0x00, 0x03, 0xFF, 0x00, 0x00, 0x00, 0xFF, 0xC0, 0x00,
  0x00, 0x3F, 0xF0, 0x00, 0x00, 0x0F, 0xFC, 0x00, 0x00, 0x03, 0xFF, 0x00,
  0x00, 0x00, 0xFF, 0xC0, 0x00, 0x00, 0x3F, 0xF0, 0x00, 0x00, 0x0F, 0xFC,
  0x00, 0x00, 0x03, 0xFF, 0x00, 0x00, 0x00, 0xFF, 0xC0, 0x00, 0x00, 0x3F,
  0xF0, 0x00, 0x00, 0x0F, 0xFC, 0x00, 0x00, 0x03, 0xFF, 0x00, 0x00, 0x00,
  0xFF, 0xC0, 0x00, 0x00, 0x3F, 0xF0, 0x00, 0x00, 0x0F, 0xFC, 0x00, 0x00,
  0x03, 0xFF, 0x00, 0x00, 0x00, 0xFF, 0xC0, 0x00, 0x00, 0x3F, 0xF0, 0x00,
  0x00, 0x0F, 0xFC, 0x00, 0x00, 0x03, 0xFF, 0x00, 0x00, 0x00, 0xFF, 0xC0,
  0x00, 0x00, 0x3F, 0xF0, 0x00, 0x00, 0x0F, 0xFC, 0x00, 0x00, 0x03, 0xFF,
  0x00, 0x00, 0x00, 0xFF, 0xC0, 0x00, 0x00, 0x3F, 0xF0, 0x00, 0x00, 0x0F,
  0xFC, 0x00, 0x00, 0x03, 0xFF, 0x00, 0x00, 0x01, 0xFF, 0xC0, 0x00, 0x00,
  0x7F, 0xF0, 0x18, 0x00, 0x1F, 0xFC, 0x06, 0x00, 0x07, 0xFF, 0x03, 0xC0,
  0x01, 0xFF, 0x81, 0xF8, 0x00, 0xFF, 0xE0, 0xFF, 0x00, 0x7F, 0xF8, 0x3F,
  0xE0, 0x3F, 0xFC, 0x1F, 0xFF, 0xFF, 0xFF, 0x0F, 0xFF, 0xFF, 0xFF, 0x83,
  0xFF, 0xFF, 0xFF, 0xE0, 0x7F, 0xFF, 0xFF, 0xF0, 0x0F, 0xFF, 0xFF, 0xF8,
  0x01, 0xFF, 0xFF, 0xFC, 0x00, 0x1F, 0xFF, 0xFC, 0x00, 0x01, 0xFF, 0xFC,
  0x00, 0x00, 0x0F, 0xF8, 0x00, 0x00, 0xFF, 0xF0, 0x00, 0x00, 0x00, 0x7F,
  0xF0, 0x00, 0x00, 0x00, 0x3F, 0xF0, 0x00, 0x00, 0x00, 0x1F, 0xF8, 0x00,
  0x00, 0x00, 0x0F, 0xFC, 0x00, 0x00, 0x00, 0x07, 0xFE, 0x00, 0x00, 0x00,
  0x03, 0xFF, 0x00, 0x00, 0x00, 0x01, 0xFF, 0x80, 0x00, 0x00, 0x00, 0xFF,
  0xC0, 0x00, 0x00, 0x00, 0x7F, 0xE0, 0x00, 0x00, 0x00, 0x3F, 0xF0, 0x00,
  0x00, 0x00, 0x1F, 0xF8, 0x00, 0x00, 0x00, 0x0F, 0xFC, 0x00, 0x00, 0x00,
  0x07, 0xFE, 0x00, 0x00, 0x00, 0x03, 0xFF, 0x00, 0x00, 0x00, 0x01, 0xFF,
  0x80, 0x00, 0x00, 0x00, 0xFF, 0xC0, 0x00, 0x00, 0x00, 0x7F, 0xE0, 0x00,
  0x00, 0x00, 0x3F, 0xF0, 0x00, 0x00, 0x00, 0x1F, 0xF8, 0x00, 0x02, 0x00,
  0x0F, 0xFC, 0x00, 0x03, 0xFF, 0xE7, 0xFE, 0x00, 0x03, 0xFF, 0xE3, 0xFF,
  0x00, 0x03, 0xFF, 0xE1, 0xFF, 0x80, 0x03, 0xFF, 0xE0, 0xFF, 0xC0, 0x03,
  0xFF, 0xE0, 0x7F, 0xE0, 0x03, 0xFF, 0xE0, 0x3F, 0xF0, 0x03, 0xFF, 0xE0,
  0x1F, 0xF8, 0x03, 0xFF, 0xE0, 0x0F, 0xFC, 0x03, 0xFF, 0xE0, 0x07, 0xFE,
  0x03, 0xFF, 0xE0, 0x03, 0xFF, 0x03, 0xFF, 0xE0, 0x01, 0xFF, 0x83, 0xFF,
  0xE0, 0x00, 0xFF, 0xC3, 0xFF, 0xC0, 0x00, 0x7F, 0xE3, 0xFF, 0xC0, 0x00,
  0x3F, 0xF3, 0xFF, 0xC0, 0x00, 0x1F, 0xFB, 0xFF, 0xC0, 0x00, 0x0F, 0xFF,
  0xFF, 0xC0, 0x00, 0x07, 0xFF, 0xFF, 0xC0, 0x00, 0x03, 0xFF, 0xFF, 0xF0,
  0x00, 0x01, 0xFF, 0xFF, 0xFC, 0x00, 0x00, 0xFF, 0xFF, 0xFF, 0x00, 0x00,
  0x7F, 0xFF, 0xFF, 0xC0, 0x00, 0x3F, 0xFF, 0xFF, 0xE0, 0x00, 0x1F, 0xFF,
  0xFF, 0xF8, 0x00, 0x0F, 0xFF, 0xBF, 0xFE, 0x00, 0x07, 0xFF, 0x8F, 0xFF,
  0x80, 0x03, 0xFF, 0x83, 0xFF, 0xC0, 0x01, 0xFF, 0x81, 0xFF, 0xF0, 0x00,
  0xFF, 0xC0, 0x7F, 0xFC, 0x00, 0x7F, 0xE0, 0x1F, 0xFE, 0x00, 0x3F, 0xF0,
  0x07, 0xFF, 0x80, 0x1F, 0xF8, 0x03, 0xFF, 0xE0, 0x0F, 0xFC, 0x00, 0xFF,
  0xF8, 0x07, 0xFE, 0x00, 0x3F, 0xFC, 0x03, 0xFF, 0x00, 0x1F, 0xFF, 0x01,
  0xFF, 0x80, 0x07, 0xFF, 0xC0, 0xFF, 0xC0, 0x01, 0xFF, 0xF0, 0x7F, 0xE0,
  0x00, 0x7F, 0xF8, 0x3F, 0xF0, 0x00, 0x3F, 0xFE, 0x1F, 0xF8, 0x00, 0x0F,
  0xFF, 0x8F, 0xFC, 0x00, 0x03, 0xFF, 0xC7, 0xFE, 0x00, 0x00, 0xFF, 0xF3,
  0xFF, 0x00, 0x00, 0x7F, 0xFD, 0xFF, 0x80, 0x00, 0x1F, 0xFF, 0x7F, 0xFF,
  0xFE, 0x00, 0x0F, 0xFF, 0xFF, 0xC0, 0x01, 0xFF, 0xFF, 0xF8, 0x00, 0x3F,
  0xFF, 0xFF, 0x00, 0x07, 0xFF, 0xFF, 0xE0, 0x00, 0xFF, 0xFF, 0xFC, 0x00,
  0x1F, 0xFF, 0xFF, 0x80, 0x03, 0xFF, 0xFF, 0xF0, 0x00, 0x7F, 0xFF, 0xFE,
  0x00, 0x00, 0x01, 0xFF, 0xC0, 0x00, 0x00, 0x3F, 0xF8, 0x00, 0x00, 0x07,
  0xFF, 0x00, 0x00, 0x00, 0xFF, 0xE0, 0x00, 0x00, 0x1F, 0xFC, 0x00, 0x00,
  0x03, 0xFF, 0x80, 0x00, 0x00, 0x7F, 0xF0, 0x00, 0x00, 0x0F, 0xFE, 0x00,
  0x00, 0x01, 0xFF, 0xC0, 0x00, 0x00, 0x3F, 0xF8, 0x00, 0x00, 0x07, 0xFF,
  0x00, 0x00, 0x00, 0xFF, 0xE0, 0x00, 0x00, 0x1F, 0xFC, 0x00, 0x00, 0x03,
  0xFF, 0x80, 0x00, 0x00, 0x7F, 0xF0, 0x00, 0x00, 0x0F, 0xFE, 0x00, 0x00,
  0x01, 0xFF, 0xC0, 0x00, 0x00, 0x3F, 0xF8, 0x00, 0x00, 0x07, 0xFF, 0x00,
  0x00, 0x00, 0xFF, 0xE0, 0x00, 0x00, 0x1F, 0xFC, 0x00, 0x00, 0x03, 0xFF,
  0x80, 0x00, 0x00, 0x7F, 0xF0, 0x00, 0x00, 0x0F, 0xFE, 0x00, 0x00, 0x01,
  0xFF, 0xC0, 0x00, 0x00, 0x3F, 0xF8, 0x00, 0x00, 0x07, 0xFF, 0x00, 0x00,
  0x00, 0xFF, 0xE0, 0x00, 0x00, 0x1F, 0xFC, 0x00, 0x00, 0x03, 0xFF, 0x80,
  0x00, 0x00, 0x7F, 0xF0, 0x00, 0x00, 0x0F, 0xFE, 0x00, 0x00, 0x01, 0xFF,
  0xC0, 0x00, 0x00, 0x3F, 0xF8, 0x00, 0x00, 0x07, 0xFF, 0x00, 0x00, 0x00,
  0xFF, 0xE0, 0x00, 0x00, 0x1F, 0xFC, 0x00, 0x00, 0x03, 0xFF, 0x80, 0x00,
  0x00, 0x7F, 0xF0, 0x00, 0x00, 0x0F, 0xFE, 0x00, 0x00, 0x01, 0xFF, 0xC0,
  0x00, 0x00, 0x3F, 0xF8, 0x00, 0x00, 0x07, 0xFF, 0x00, 0x00, 0x00, 0xFF,
  0xE0, 0x00, 0x00, 0x1F, 0xFC, 0x00, 0x00, 0x03, 0xFF, 0x80, 0x07, 0xFF,
  0xFF, 0xFF, 0xFF, 0xFF, 0xFF, 0xFF, 0xFF, 0xFF, 0xFF, 0xFF, 0xFF, 0xFF,
  0xFF, 0xFF, 0xFF, 0xFF, 0xFF, 0xFF, 0xFF, 0xFF, 0xFF, 0xFF, 0xFF, 0xFF,
  0xFF, 0xFF, 0xFF, 0xFF, 0xFF, 0xFF, 0xFF, 0xFF, 0xFF, 0xFF, 0xFF, 0xFF,
  0xFF, 0xFF, 0x00, 0x03, 0xF0, 0x03, 0xF8, 0x3F, 0xE3, 0xFF, 0x03, 0xFF,
  0x0F, 0xF9, 0xFF, 0xE3, 0xFF, 0xE3, 0xFF, 0xFF, 0xF9, 0xFF, 0xFC, 0xFF,
  0xFF, 0xFF, 0x7F, 0xFF, 0xBF, 0xFF, 0xFF, 0xFF, 0xFF, 0xEF, 0xFF, 0xFF,
  0xFF, 0xFF, 0xFB, 0xFF, 0xFF, 0xFF, 0xFF, 0xFE, 0xFF, 0xF1, 0xFF, 0xF1,
  0xFF, 0xFF, 0xF8, 0x7F, 0xF8, 0x7F, 0xFF, 0xFC, 0x0F, 0xFE, 0x0F, 0xFF,
  0xFF, 0x03, 0xFF, 0x03, 0xFF, 0xFF, 0xC0, 0xFF, 0xC0, 0xFF, 0xFF, 0xF0,
  0x3F, 0xF0, 0x3F, 0xFF, 0xFC, 0x0F, 0xFC, 0x0F, 0xFF, 0xFE, 0x03, 0xFF,
  0x03, 0xFF, 0xFF, 0x80, 0xFF, 0xC0, 0xFF, 0xFF, 0xE0, 0x3F, 0xF0, 0x3F,
  0xFF, 0xF8, 0x0F, 0xFC, 0x0F, 0xFF, 0xFE, 0x03, 0xFF, 0x03, 0xFF, 0xFF,
  0x80, 0xFF, 0xC0, 0xFF, 0xFF, 0xE0, 0x3F, 0xF0, 0x3F, 0xFF, 0xF8, 0x0F,
  0xFC, 0x0F, 0xFF, 0xFE, 0x03, 0xFF, 0x03, 0xFF, 0xFF, 0x80, 0xFF, 0xC0,
  0xFF, 0xFF, 0xE0, 0x3F, 0xF0, 0x3F, 0xFF, 0xF8, 0x0F, 0xFC, 0x0F, 0xFF,
  0xFE, 0x03, 0xFF, 0x03, 0xFF, 0xFF, 0x80, 0xFF, 0xC0, 0xFF, 0xFF, 0xE0,
  0x3F, 0xF0, 0x3F, 0xFF, 0xF8, 0x0F, 0xFC, 0x0F, 0xFF, 0xFE, 0x03, 0xFF,
  0x03, 0xFF, 0xFF, 0x80, 0xFF, 0xC0, 0xFF, 0xFF, 0xE0, 0x3F, 0xF0, 0x3F,
  0xFF, 0xF8, 0x0F, 0xFC, 0x0F, 0xFF, 0xFE, 0x03, 0xFF, 0x03, 0xFF, 0xFF,
  0x80, 0xFF, 0xC0, 0xFF, 0xFF, 0xE0, 0x3F, 0xF0, 0x3F, 0xFF, 0xF8, 0x0F,
  0xFC, 0x0F, 0xFF, 0xFE, 0x03, 0xFF, 0x03, 0xFF, 0xFF, 0x80, 0xFF, 0xC0,
  0xFF, 0xFF, 0xE0, 0x3F, 0xF0, 0x3F, 0xFF, 0xF8, 0x0F, 0xFC, 0x0F, 0xFF,
  0xFE, 0x03, 0xFF, 0x03, 0xFF, 0xFF, 0x80, 0xFF, 0xC0, 0xFF, 0xFF, 0xE0,
  0x3F, 0xF0, 0x3F, 0xF0, 0x00, 0x00, 0x3F, 0xC0, 0x0F, 0xFC, 0x1F, 0xFF,
  0x80, 0xFF, 0xC3, 0xFF, 0xFE, 0x0F, 0xFC, 0xFF, 0xFF, 0xF0, 0xFF, 0xDF,
  0xFF, 0xFF, 0x8F, 0xFF, 0xFF, 0xFF, 0xF8, 0xFF, 0xFF, 0xFF, 0xFF, 0xCF,
  0xFF, 0xFF, 0xFF, 0xFC, 0xFF, 0xFF, 0xFF, 0xFF, 0xEF, 0xFF, 0xE0, 0x1F,
  0xFE, 0xFF, 0xFC, 0x00, 0xFF, 0xEF, 0xFF, 0x80, 0x07, 0xFF, 0xFF, 0xF0,
  0x00, 0x7F, 0xFF, 0xFF, 0x00, 0x07, 0xFF, 0xFF, 0xE0, 0x00, 0x3F, 0xFF,
  0xFE, 0x00, 0x03, 0xFF, 0xFF, 0xE0, 0x00, 0x3F, 0xFF, 0xFC, 0x00, 0x03,
  0xFF, 0xFF, 0xC0, 0x00, 0x3F, 0xFF, 0xFC, 0x00, 0x03, 0xFF, 0xFF, 0xC0,
  0x00, 0x3F, 0xFF, 0xFC, 0x00, 0x03, 0xFF, 0xFF, 0xC0, 0x00, 0x3F, 0xFF,
  0xFC, 0x00, 0x03, 0xFF, 0xFF, 0xC0, 0x00, 0x3F, 0xFF, 0xFC, 0x00, 0x03,
  0xFF, 0xFF, 0xC0, 0x00, 0x3F, 0xFF, 0xFC, 0x00, 0x03, 0xFF, 0xFF, 0xC0,
  0x00, 0x3F, 0xFF, 0xFC, 0x00, 0x03, 0xFF, 0xFF, 0xC0, 0x00, 0x3F, 0xFF,
  0xFC, 0x00, 0x03, 0xFF, 0xFF, 0xC0, 0x00, 0x3F, 0xFF, 0xFC, 0x00, 0x03,
  0xFF, 0xFF, 0xC0, 0x00, 0x3F, 0xFF, 0xFC, 0x00, 0x03, 0xFF, 0xFF, 0xC0,
  0x00, 0x3F, 0xFF, 0xFC, 0x00, 0x03, 0xFF, 0xFF, 0xC0, 0x00, 0x3F, 0xFF,
  0xFC, 0x00, 0x03, 0xFF, 0xFF, 0xC0, 0x00, 0x3F, 0xFF, 0xFC, 0x00, 0x03,
  0xFF, 0xFF, 0xC0, 0x00, 0x3F, 0xFF, 0xFC, 0x00, 0x03, 0xFF, 0xFF, 0xC0,
  0x00, 0x3F, 0xF0, 0x00, 0x00, 0xFF, 0xC0, 0x00, 0x00, 0x03, 0xFF, 0xFC,
  0x00, 0x00, 0x07, 0xFF, 0xFF, 0x80, 0x00, 0x07, 0xFF, 0xFF, 0xE0, 0x00,
  0x0F, 0xFF, 0xFF, 0xFC, 0x00, 0x0F, 0xFF, 0xFF, 0xFF, 0x00, 0x0F, 0xFF,
  0xFF, 0xFF, 0xC0, 0x0F, 0xFF, 0xFF, 0xFF, 0xF0, 0x0F, 0xFF, 0xFF, 0xFF,
  0xF8, 0x07, 0xFF, 0xC0, 0x3F, 0xFE, 0x07, 0xFF, 0x80, 0x0F, 0xFF, 0x03,
  0xFF, 0x80, 0x03, 0xFF, 0xC3, 0xFF, 0x80, 0x00, 0xFF, 0xE1, 0xFF, 0xC0,
  0x00, 0x3F, 0xF9, 0xFF, 0xC0, 0x00, 0x1F, 0xFC, 0xFF, 0xE0, 0x00, 0x07,
  0xFE, 0x7F, 0xE0, 0x00, 0x03, 0xFF, 0xFF, 0xF0, 0x00, 0x01, 0xFF, 0xFF,
  0xF8, 0x00, 0x00, 0xFF, 0xFF, 0xFC, 0x00, 0x00, 0x3F, 0xFF, 0xFE, 0x00,
  0x00, 0x1F, 0xFF, 0xFF, 0x00, 0x00, 0x0F, 0xFF, 0xFF, 0x80, 0x00, 0x07,
  0xFF, 0xFF, 0xC0, 0x00, 0x03, 0xFF, 0xFF, 0xE0, 0x00, 0x01, 0xFF, 0xFF,
  0xF0, 0x00, 0x00, 0xFF, 0xFF, 0xF8, 0x00, 0x00, 0x7F, 0xFF, 0xFC, 0x00,
  0x00, 0x3F, 0xFF, 0xFE, 0x00, 0x00, 0x3F, 0xFF, 0xFF, 0x00, 0x00, 0x1F,
  0xFD, 0xFF, 0xC0, 0x00, 0x0F, 0xFC, 0xFF, 0xE0, 0x00, 0x07, 0xFE, 0x7F,
  0xF0, 0x00, 0x07, 0xFF, 0x1F, 0xFC, 0x00, 0x03, 0xFF, 0x8F, 0xFF, 0x00,
  0x03, 0xFF, 0x83, 0xFF, 0xC0, 0x03, 0xFF, 0xC1, 0xFF, 0xF0, 0x03, 0xFF,
  0xC0, 0x7F, 0xFE, 0x07, 0xFF, 0xE0, 0x1F, 0xFF, 0xFF, 0xFF, 0xE0, 0x0F,
  0xFF, 0xFF, 0xFF, 0xE0, 0x03, 0xFF, 0xFF, 0xFF, 0xE0, 0x00, 0xFF, 0xFF,
  0xFF, 0xE0, 0x00, 0x1F, 0xFF, 0xFF, 0xE0, 0x00, 0x07, 0xFF, 0xFF, 0xE0,
  0x00, 0x00, 0xFF, 0xFF, 0xC0, 0x00, 0x00, 0x1F, 0xFF, 0x80, 0x00, 0x00,
  0x00, 0x30, 0x00, 0x00, 0x00, 0x00, 0x7F, 0x80, 0x01, 0xFF, 0x83, 0xFF,
  0xE0, 0x03, 0xFF, 0x1F, 0xFF, 0xF0, 0x07, 0xFE, 0x7F, 0xFF, 0xF0, 0x0F,
  0xFD, 0xFF, 0xFF, 0xF0, 0x1F, 0xFF, 0xFF, 0xFF, 0xF0, 0x3F, 0xFF, 0xFF,
  0xFF, 0xF0, 0x7F, 0xFF, 0xFF, 0xFF, 0xF0, 0xFF, 0xFF, 0xFF, 0xFF, 0xF1,
  0xFF, 0xFC, 0x03, 0xFF, 0xE3, 0xFF, 0xF0, 0x01, 0xFF, 0xE7, 0xFF, 0xC0,
  0x01, 0xFF, 0xCF, 0xFF, 0x00, 0x03, 0xFF, 0xDF, 0xFE, 0x00, 0x03, 0xFF,
  0xBF, 0xFC, 0x00, 0x07, 0xFF, 0x7F, 0xF0, 0x00, 0x07, 0xFE, 0xFF, 0xE0,
  0x00, 0x0F, 0xFF, 0xFF, 0xC0, 0x00, 0x1F, 0xFF, 0xFF, 0x80, 0x00, 0x3F,
  0xFF, 0xFF, 0x00, 0x00, 0x3F, 0xFF, 0xFE, 0x00, 0x00, 0x7F, 0xFF, 0xFC,
  0x00, 0x00, 0xFF, 0xFF, 0xF8, 0x00, 0x01, 0xFF, 0xFF, 0xF0, 0x00, 0x03,
  0xFF, 0xFF, 0xE0, 0x00, 0x07, 0xFF, 0xFF, 0xC0, 0x00, 0x0F, 0xFF, 0xFF,
  0x80, 0x00, 0x1F, 0xFF, 0xFF, 0x00, 0x00, 0x3F, 0xFF, 0xFE, 0x00, 0x00,
  0xFF, 0xFF, 0xFC, 0x00, 0x01, 0xFF, 0xFF, 0xF8, 0x00, 0x03, 0xFF, 0xFF,
  0xF8, 0x00, 0x07, 0xFF, 0xFF, 0xF0, 0x00, 0x1F, 0xFD, 0xFF, 0xE0, 0x00,
  0x3F, 0xFB, 0xFF, 0xE0, 0x00, 0xFF, 0xF7, 0xFF, 0xE0, 0x03, 0xFF, 0xCF,
  0xFF, 0xE0, 0x0F, 0xFF, 0x9F, 0xFF, 0xE0, 0x7F, 0xFE, 0x3F, 0xFF, 0xFF,
  0xFF, 0xFC, 0x7F, 0xFF, 0xFF, 0xFF, 0xF0, 0xFF, 0xFF, 0xFF, 0xFF, 0xC1,
  0xFF, 0xFF, 0xFF, 0xFF, 0x03, 0xFF, 0xFF, 0xFF, 0xFC, 0x07, 0xFF, 0x7F,
  0xFF, 0xF0, 0x0F, 0xFE, 0x7F, 0xFF, 0x80, 0x1F, 0xFC, 0x1F, 0xFC, 0x00,
  0x3F, 0xF8, 0x03, 0x00, 0x00, 0x7F, 0xF0, 0x00, 0x00, 0x00, 0xFF, 0xE0,
  0x00, 0x00, 0x01, 0xFF, 0xC0, 0x00, 0x00, 0x03, 0xFF, 0x80, 0x00, 0x00,
  0x07, 0xFF, 0x00, 0x00, 0x00, 0x0F, 0xFE, 0x00, 0x00, 0x00, 0x1F, 0xFC,
  0x00, 0x00, 0x00, 0x3F, 0xF8, 0x00, 0x00, 0x00, 0x7F, 0xF0, 0x00, 0x00,
  0x00, 0xFF, 0xE0, 0x00, 0x00, 0x01, 0xFF, 0xC0, 0x00, 0x00, 0x03, 0xFF,
  0x80, 0x00, 0x00, 0x07, 0xFF, 0x00, 0x00, 0x00, 0x0F, 0xFE, 0x00, 0x00,
  0x00, 0x00, 0x00, 0x03, 0xFC, 0x00, 0x00, 0x00, 0x3F, 0xFF, 0x0F, 0xFC,
  0x01, 0xFF, 0xFF, 0x1F, 0xF8, 0x07, 0xFF, 0xFF, 0xBF, 0xF0, 0x1F, 0xFF,
  0xFF, 0xFF, 0xE0, 0x7F, 0xFF, 0xFF, 0xFF, 0xC1, 0xFF, 0xFF, 0xFF, 0xFF,
  0x87, 0xFF, 0xFF, 0xFF, 0xFF, 0x1F, 0xFF, 0xFF, 0xFF, 0xFE, 0x3F, 0xFE,
  0x03, 0xFF, 0xFC, 0xFF, 0xF8, 0x01, 0xFF, 0xF9, 0xFF, 0xE0, 0x01, 0xFF,
  0xF7, 0xFF, 0x80, 0x03, 0xFF, 0xEF, 0xFE, 0x00, 0x03, 0xFF, 0xDF, 0xFC,
  0x00, 0x07, 0xFF, 0xBF, 0xF0, 0x00, 0x0F, 0xFF, 0xFF, 0xE0, 0x00, 0x0F,
  0xFF, 0xFF, 0xC0, 0x00, 0x1F, 0xFF, 0xFF, 0x80, 0x00, 0x3F, 0xFF, 0xFF,
  0x00, 0x00, 0x7F, 0xFF, 0xFC, 0x00, 0x00, 0xFF, 0xFF, 0xF8, 0x00, 0x01,
  0xFF, 0xFF, 0xF0, 0x00, 0x03, 0xFF, 0xFF, 0xE0, 0x00, 0x07, 0xFF, 0xFF,
  0xC0, 0x00, 0x0F, 0xFF, 0xFF, 0x80, 0x00, 0x1F, 0xFF, 0xFF, 0x80, 0x00,
  0x3F, 0xFF, 0xFF, 0x00, 0x00, 0x7F, 0xFF, 0xFE, 0x00, 0x00, 0xFF, 0xFF,
  0xFC, 0x00, 0x01, 0xFF, 0xDF, 0xFC, 0x00, 0x03, 0xFF, 0xBF, 0xF8, 0x00,
  0x0F, 0xFF, 0x7F, 0xF0, 0x00, 0x1F, 0xFE, 0x7F, 0xF0, 0x00, 0x7F, 0xFC,
  0xFF, 0xF0, 0x00, 0xFF, 0xF9, 0xFF, 0xE0, 0x03, 0xFF, 0xF1, 0xFF, 0xF0,
  0x0F, 0xFF, 0xE3, 0xFF, 0xF0, 0x7F, 0xFF, 0xC3, 0xFF, 0xFF, 0xFF, 0xFF,
  0x83, 0xFF, 0xFF, 0xFF, 0xFF, 0x03, 0xFF, 0xFF, 0xFF, 0xFE, 0x03, 0xFF,
  0xFF, 0xFF, 0xFC, 0x03, 0xFF, 0xFF, 0xFF, 0xF8, 0x03, 0xFF, 0xFF, 0x7F,
  0xF0, 0x03, 0xFF, 0xFC, 0xFF, 0xE0, 0x00, 0xFF, 0xE1, 0xFF, 0xC0, 0x00,
  0x08, 0x03, 0xFF, 0x80, 0x00, 0x00, 0x07, 0xFF, 0x00, 0x00, 0x00, 0x0F,
  0xFE, 0x00, 0x00, 0x00, 0x1F, 0xFC, 0x00, 0x00, 0x00, 0x3F, 0xF8, 0x00,
  0x00, 0x00, 0x7F, 0xF0, 0x00, 0x00, 0x00, 0xFF, 0xE0, 0x00, 0x00, 0x01,
  0xFF, 0xC0, 0x00, 0x00, 0x03, 0xFF, 0x80, 0x00, 0x00, 0x07, 0xFF, 0x00,
  0x00, 0x00, 0x0F, 0xFE, 0x00, 0x00, 0x00, 0x1F, 0xFC, 0x00, 0x00, 0x00,
  0x3F, 0xF8, 0x00, 0x00, 0x00, 0x7F, 0xF0, 0x00, 0x00, 0x00, 0xFF, 0xE0,
  0x00, 0x00, 0x1F, 0xF0, 0x0F, 0xFE, 0x07, 0xFF, 0xE0, 0xFF, 0xE1, 0xFF,
  0xFF, 0x8F, 0xFE, 0x7F, 0xFF, 0xFE, 0xFF, 0xEF, 0xFF, 0xFF, 0xFF, 0xFF,
  0xFF, 0xFF, 0xFF, 0xFF, 0xFF, 0xFF, 0xFF, 0xEF, 0xFF, 0xFF, 0xFF, 0xFE,
  0xFF, 0xFF, 0xFF, 0xFF, 0xCF, 0xFF, 0xFC, 0x03, 0xFC, 0xFF, 0xFF, 0x80,
  0x1F, 0x8F, 0xFF, 0xE0, 0x00, 0xF8, 0xFF, 0xFC, 0x00, 0x07, 0x0F, 0xFF,
  0x80, 0x00, 0x30, 0xFF, 0xF8, 0x00, 0x01, 0x0F, 0xFF, 0x00, 0x00, 0x00,
  0xFF, 0xF0, 0x00, 0x00, 0x0F, 0xFF, 0x00, 0x00, 0x00, 0xFF, 0xE0, 0x00,
  0x00, 0x0F, 0xFE, 0x00, 0x00, 0x00, 0xFF, 0xE0, 0x00, 0x00, 0x0F, 0xFE,
  0x00, 0x00, 0x00, 0xFF, 0xE0, 0x00, 0x00, 0x0F, 0xFE, 0x00, 0x00, 0x00,
  0xFF, 0xE0, 0x00, 0x00, 0x0F, 0xFE, 0x00, 0x00, 0x00, 0xFF, 0xE0, 0x00,
  0x00, 0x0F, 0xFE, 0x00, 0x00, 0x00, 0xFF, 0xE0, 0x00, 0x00, 0x0F, 0xFE,
  0x00, 0x00, 0x00, 0xFF, 0xE0, 0x00, 0x00, 0x0F, 0xFE, 0x00, 0x00, 0x00,
  0xFF, 0xE0, 0x00, 0x00, 0x0F, 0xFE, 0x00, 0x00, 0x00, 0xFF, 0xE0, 0x00,
  0x00, 0x0F, 0xFE, 0x00, 0x00, 0x00, 0xFF, 0xE0, 0x00, 0x00, 0x0F, 0xFE,
  0x00, 0x00, 0x00, 0xFF, 0xE0, 0x00, 0x00, 0x0F, 0xFE, 0x00, 0x00, 0x00,
  0xFF, 0xE0, 0x00, 0x00, 0x0F, 0xFE, 0x00, 0x00, 0x00, 0xFF, 0xE0, 0x00,
  0x00, 0x0F, 0xFE, 0x00, 0x00, 0x00, 0xFF, 0xE0, 0x00, 0x00, 0x00, 0x00,
  0x00, 0xFF, 0xC0, 0x00, 0x00, 0x1F, 0xFF, 0xE0, 0x00, 0x01, 0xFF, 0xFF,
  0xE0, 0x00, 0x1F, 0xFF, 0xFF, 0xE0, 0x00, 0xFF, 0xFF, 0xFF, 0xC0, 0x07,
  0xFF, 0xFF, 0xFF, 0x80, 0x3F, 0xFF, 0xFF, 0xFF, 0x01, 0xFF, 0xFF, 0xFF,
  0xFF, 0x0F, 0xFF, 0xFF, 0xFF, 0xF8, 0x3F, 0xF8, 0x01, 0xFF, 0xE0, 0xFF,
  0xC0, 0x01, 0xFF, 0x07, 0xFE, 0x00, 0x01, 0xF8, 0x1F, 0xF8, 0x00, 0x03,
  0xE0, 0x7F, 0xE0, 0x00, 0x07, 0x01, 0xFF, 0xC0, 0x00, 0x08, 0x07, 0xFF,
  0x80, 0x00, 0x20, 0x0F, 0xFF, 0x80, 0x00, 0x00, 0x3F, 0xFF, 0xC0, 0x00,
  0x00, 0xFF, 0xFF, 0xF0, 0x00, 0x01, 0xFF, 0xFF, 0xF8, 0x00, 0x03, 0xFF,
  0xFF, 0xF8, 0x00, 0x07, 0xFF, 0xFF, 0xF8, 0x00, 0x0F, 0xFF, 0xFF, 0xF8,
  0x00, 0x1F, 0xFF, 0xFF, 0xF0, 0x00, 0x1F, 0xFF, 0xFF, 0xE0, 0x00, 0x1F,
  0xFF, 0xFF, 0xC0, 0x00, 0x0F, 0xFF, 0xFF, 0x80, 0x00, 0x07, 0xFF, 0xFE,
  0x00, 0x00, 0x03, 0xFF, 0xFC, 0x10, 0x00, 0x01, 0xFF, 0xF0, 0x60, 0x00,
  0x03, 0xFF, 0xC1, 0x80, 0x00, 0x07, 0xFF, 0x0F, 0x00, 0x00, 0x1F, 0xFC,
  0x3E, 0x00, 0x00, 0x3F, 0xF1, 0xFC, 0x00, 0x01, 0xFF, 0xCF, 0xFC, 0x00,
  0x07, 0xFF, 0x3F, 0xFC, 0x00, 0x3F, 0xF9, 0xFF, 0xFC, 0x03, 0xFF, 0xE7,
  0xFF, 0xFF, 0xFF, 0xFF, 0x3F, 0xFF, 0xFF, 0xFF, 0xFC, 0x3F, 0xFF, 0xFF,
  0xFF, 0xE0, 0x7F, 0xFF, 0xFF, 0xFF, 0x00, 0x7F, 0xFF, 0xFF, 0xF8, 0x00,
  0xFF, 0xFF, 0xFF, 0x80, 0x00, 0xFF, 0xFF, 0xF8, 0x00, 0x00, 0x7F, 0xFF,
  0x80, 0x00, 0x00, 0x03, 0x80, 0x00, 0x00, 0x00, 0x00, 0x3E, 0x00, 0x00,
  0x00, 0x3F, 0xF0, 0x00, 0x00, 0x01, 0xFF, 0xC0, 0x00, 0x00, 0x07, 0xFF,
  0x00, 0x00, 0x00, 0x1F, 0xFC, 0x00, 0x00, 0x00, 0x7F, 0xE0, 0x00, 0x00,
  0x01, 0xFF, 0x80, 0x00, 0x00, 0x07, 0xFE, 0x00, 0x00, 0x00, 0x1F, 0xF8,
  0x00, 0x00, 0x00, 0xFF, 0xE0, 0x00, 0x00, 0x03, 0xFF, 0x80, 0x00, 0x00,
  0x0F, 0xFE, 0x00, 0x00, 0xFF, 0xFF, 0xFF, 0xFF, 0xC3, 0xFF, 0xFF, 0xFF,
  0xFF, 0x0F, 0xFF, 0xFF, 0xFF, 0xFC, 0x3F, 0xFF, 0xFF, 0xFF, 0xF0, 0xFF,
  0xFF, 0xFF, 0xFF, 0xC3, 0xFF, 0xFF, 0xFF, 0xFF, 0x0F, 0xFF, 0xFF, 0xFF,
  0xFC, 0x3F, 0xFF, 0xFF, 0xFF, 0xF0, 0xFF, 0xFF, 0xFF, 0xFF, 0xC0, 0x00,
  0xFF, 0xC0, 0x00, 0x00, 0x03, 0xFF, 0x00, 0x00, 0x00, 0x0F, 0xFC, 0x00,
  0x00, 0x00, 0x7F, 0xF0, 0x00, 0x00, 0x01, 0xFF, 0xC0, 0x00, 0x00, 0x07,
  0xFF, 0x00, 0x00, 0x00, 0x1F, 0xFC, 0x00, 0x00, 0x00, 0x7F, 0xF0, 0x00,
  0x00, 0x01, 0xFF, 0xC0, 0x00, 0x00, 0x07, 0xFF, 0x00, 0x00, 0x00, 0x1F,
  0xFC, 0x00, 0x00, 0x00, 0x7F, 0xF0, 0x00, 0x00, 0x01, 0xFF, 0xC0, 0x00,
  0x00, 0x07, 0xFF, 0x00, 0x00, 0x00, 0x1F, 0xFC, 0x00, 0x00, 0x00, 0x7F,
  0xF0, 0x00, 0x00, 0x01, 0xFF, 0xC0, 0x00, 0x00, 0x07, 0xFF, 0x00, 0x00,
  0x00, 0x1F, 0xFC, 0x00, 0x00, 0x00, 0x7F, 0xF0, 0x00, 0x00, 0x01, 0xFF,
  0xC0, 0x00, 0x00, 0x07, 0xFF, 0x00, 0x00, 0x00, 0x1F, 0xFC, 0x00, 0x08,
  0x00, 0x7F, 0xF0, 0x00, 0xE0, 0x01, 0xFF, 0xE0, 0x07, 0x80, 0x03, 0xFF,
  0x80, 0x7F, 0x00, 0x0F, 0xFF, 0x07, 0xFC, 0x00, 0x3F, 0xFF, 0xFF, 0xF8,
  0x00, 0xFF, 0xFF, 0xFF, 0xE0, 0x01, 0xFF, 0xFF, 0xFF, 0x80, 0x07, 0xFF,
  0xFF, 0xFF, 0x00, 0x0F, 0xFF, 0xFF, 0xF0, 0x00, 0x1F, 0xFF, 0xFF, 0x00,
  0x00, 0x3F, 0xFF, 0xF8, 0x00, 0x00, 0x7F, 0xFF, 0x00, 0x00, 0x00, 0x3F,
  0xE0, 0x00, 0xFF, 0xC0, 0x00, 0x3F, 0xF7, 0xFE, 0x00, 0x01, 0xFF, 0xBF,
  0xF0, 0x00, 0x0F, 0xFD, 0xFF, 0x80, 0x00, 0x7F, 0xEF, 0xFC, 0x00, 0x03,
  0xFF, 0x7F, 0xE0, 0x00, 0x1F, 0xFB, 0xFF, 0x00, 0x00, 0xFF, 0xDF, 0xF8,
  0x00, 0x07, 0xFE, 0xFF, 0xC0, 0x00, 0x3F, 0xF7, 0xFE, 0x00, 0x01, 0xFF,
  0xBF, 0xF0, 0x00, 0x0F, 0xFD, 0xFF, 0x80, 0x00, 0x7F, 0xEF, 0xFC, 0x00,
  0x03, 0xFF, 0x7F, 0xE0, 0x00, 0x1F, 0xFB, 0xFF, 0x00, 0x00, 0xFF, 0xDF,
  0xF8, 0x00, 0x07, 0xFE, 0xFF, 0xC0, 0x00, 0x3F, 0xF7, 0xFE, 0x00, 0x01,
  0xFF, 0xBF, 0xF0, 0x00, 0x0F, 0xFD, 0xFF, 0x80, 0x00, 0x7F, 0xEF, 0xFC,
  0x00, 0x03, 0xFF, 0x7F, 0xE0, 0x00, 0x1F, 0xFB, 0xFF, 0x00, 0x00, 0xFF,
  0xDF, 0xF8, 0x00, 0x07, 0xFE, 0xFF, 0xC0, 0x00, 0x3F, 0xF7, 0xFE, 0x00,
  0x01, 0xFF, 0xBF, 0xF0, 0x00, 0x0F, 0xFD, 0xFF, 0x80, 0x00, 0x7F, 0xEF,
  0xFC, 0x00, 0x03, 0xFF, 0x7F, 0xE0, 0x00, 0x1F, 0xFB, 0xFF, 0x00, 0x01,
  0xFF, 0xDF, 0xF8, 0x00, 0x0F, 0xFE, 0xFF, 0xE0, 0x00, 0xFF, 0xF7, 0xFF,
  0x00, 0x07, 0xFF, 0xBF, 0xF8, 0x00, 0x7F, 0xFC, 0xFF, 0xE0, 0x07, 0xFF,
  0xE7, 0xFF, 0x80, 0xFF, 0xFF, 0x3F, 0xFF, 0xFF, 0xFF, 0xF8, 0xFF, 0xFF,
  0xFF, 0xFF, 0xC7, 0xFF, 0xFF, 0xFF, 0xFE, 0x1F, 0xFF, 0xFF, 0xFF, 0xF8,
  0xFF, 0xFF, 0xFD, 0xFF, 0xC3, 0xFF, 0xFF, 0xCF, 0xFE, 0x0F, 0xFF, 0xFC,
  0x3F, 0xF0, 0x1F, 0xFF, 0x80, 0x00, 0x00, 0x1F, 0xE0, 0x00, 0x00, 0xFF,
  0xF8, 0x00, 0x00, 0xFF, 0xDF, 0xFE, 0x00, 0x00, 0x3F, 0xF7, 0xFF, 0x80,
  0x00, 0x1F, 0xF8, 0xFF, 0xC0, 0x00, 0x07, 0xFE, 0x3F, 0xF8, 0x00, 0x01,
  0xFF, 0x8F, 0xFE, 0x00, 0x00, 0x7F, 0xE1, 0xFF, 0x80, 0x00, 0x3F, 0xF0,
  0x7F, 0xF0, 0x00, 0x0F, 0xFC, 0x0F, 0xFC, 0x00, 0x03, 0xFF, 0x03, 0xFF,
  0x00, 0x00, 0xFF, 0x80, 0xFF, 0xE0, 0x00, 0x7F, 0xE0, 0x1F, 0xF8, 0x00,
  0x1F, 0xF8, 0x07, 0xFF, 0x00, 0x07, 0xFC, 0x01, 0xFF, 0xC0, 0x03, 0xFF,
  0x00, 0x3F, 0xF0, 0x00, 0xFF, 0xC0, 0x0F, 0xFE, 0x00, 0x3F, 0xE0, 0x01,
  0xFF, 0x80, 0x1F, 0xF8, 0x00, 0x7F, 0xE0, 0x07, 0xFC, 0x00, 0x1F, 0xFC,
  0x01, 0xFF, 0x00, 0x03, 0xFF, 0x00, 0xFF, 0xC0, 0x00, 0xFF, 0xC0, 0x3F,
  0xE0, 0x00, 0x3F, 0xF8, 0x0F, 0xF8, 0x00, 0x07, 0xFE, 0x07, 0xFC, 0x00,
  0x01, 0xFF, 0xC1, 0xFF, 0x00, 0x00, 0x3F, 0xF0, 0x7F, 0xC0, 0x00, 0x0F,
  0xFC, 0x3F, 0xE0, 0x00, 0x03, 0xFF, 0x8F, 0xF8, 0x00, 0x00, 0x7F, 0xE3,
  0xFC, 0x00, 0x00, 0x1F, 0xF9, 0xFF, 0x00, 0x00, 0x03, 0xFF, 0x7F, 0xC0,
  0x00, 0x00, 0xFF, 0xDF, 0xE0, 0x00, 0x00, 0x3F, 0xFF, 0xF8, 0x00, 0x00,
  0x07, 0xFF, 0xFC, 0x00, 0x00, 0x01, 0xFF, 0xFF, 0x00, 0x00, 0x00, 0x7F,
  0xFF, 0xC0, 0x00, 0x00, 0x0F, 0xFF, 0xE0, 0x00, 0x00, 0x03, 0xFF, 0xF8,
  0x00, 0x00, 0x00, 0x7F, 0xFC, 0x00, 0x00, 0x00, 0x1F, 0xFF, 0x00, 0x00,
  0x00, 0x07, 0xFF, 0x80, 0x00, 0x00, 0x00, 0xFF, 0xE0, 0x00, 0x00, 0x00,
  0x3F, 0xF8, 0x00, 0x00, 0x00, 0x0F, 0xFC, 0x00, 0x00, 0x00, 0x01, 0xFF,
  0x00, 0x00, 0xFF, 0xE0, 0x00, 0x00, 0x1F, 0xFF, 0xFF, 0x00, 0x00, 0x00,
  0xFF, 0xFF, 0xF0, 0x00, 0x00, 0x07, 0xFF, 0xFF, 0x80, 0x00, 0x00, 0x3F,
  0xE7, 0xFE, 0x00, 0x00, 0x01, 0xFF, 0x3F, 0xF0, 0x07, 0xF0, 0x0F, 0xF9,
  0xFF, 0x80, 0x3F, 0x80, 0x7F, 0xCF, 0xFC, 0x03, 0xFC, 0x03, 0xFE, 0x7F,
  0xE0, 0x1F, 0xE0, 0x1F, 0xF1, 0xFF, 0x00, 0xFF, 0x80, 0xFF, 0x8F, 0xF8,
  0x07, 0xFC, 0x07, 0xFC, 0x7F, 0xE0, 0x3F, 0xE0, 0x3F, 0xC3, 0xFF, 0x03,
  0xFF, 0x01, 0xFE, 0x1F, 0xF8, 0x1F, 0xF8, 0x0F, 0xF0, 0xFF, 0xC0, 0xFF,
  0xE0, 0xFF, 0x83, 0xFE, 0x07, 0xFF, 0x07, 0xFC, 0x1F, 0xF0, 0x3F, 0xF8,
  0x3F, 0xE0, 0xFF, 0xC3, 0xFF, 0xC1, 0xFF, 0x07, 0xFE, 0x1F, 0xFF, 0x0F,
  0xF0, 0x3F, 0xF0, 0xFF, 0xF8, 0x7F, 0x80, 0xFF, 0x87, 0xFF, 0xC3, 0xFC,
  0x07, 0xFC, 0x3F, 0x7E, 0x1F, 0xE0, 0x3F, 0xE3, 0xF3, 0xF8, 0xFF, 0x01,
  0xFF, 0x1F, 0x9F, 0xC7, 0xF8, 0x0F, 0xFC, 0xFC, 0xFE, 0x7F, 0xC0, 0x3F,
  0xE7, 0xE7, 0xF3, 0xFC, 0x01, 0xFF, 0x7F, 0x1F, 0xDF, 0xE0, 0x0F, 0xFB,
  0xF0, 0xFE, 0xFF, 0x00, 0x7F, 0xDF, 0x87, 0xF7, 0xF8, 0x03, 0xFE, 0xFC,
  0x3F, 0xBF, 0xC0, 0x1F, 0xF7, 0xE0, 0xFF, 0xFE, 0x00, 0x7F, 0xFE, 0x07,
  0xFF, 0xE0, 0x03, 0xFF, 0xF0, 0x3F, 0xFF, 0x00, 0x1F, 0xFF, 0x81, 0xFF,
  0xF8, 0x00, 0xFF, 0xFC, 0x07, 0xFF, 0xC0, 0x07, 0xFF, 0xE0, 0x3F, 0xFE,
  0x00, 0x1F, 0xFE, 0x01, 0xFF, 0xF0, 0x00, 0xFF, 0xF0, 0x0F, 0xFF, 0x00,
  0x07, 0xFF, 0x80, 0x7F, 0xF8, 0x00, 0x3F, 0xFC, 0x01, 0xFF, 0xC0, 0x01,
  0xFF, 0xC0, 0x0F, 0xFE, 0x00, 0x07, 0xFE, 0x00, 0x7F, 0xF0, 0x00, 0x3F,
  0xF0, 0x03, 0xFF, 0x00, 0x01, 0xFF, 0x80, 0x0F, 0xF8, 0x00, 0x7F, 0xF8,
  0x00, 0x03, 0xFF, 0x87, 0xFF, 0x00, 0x00, 0xFF, 0xE0, 0xFF, 0xF0, 0x00,
  0x3F, 0xFC, 0x0F, 0xFF, 0x00, 0x07, 0xFF, 0x00, 0xFF, 0xE0, 0x01, 0xFF,
  0xC0, 0x1F, 0xFE, 0x00, 0x3F, 0xF8, 0x01, 0xFF, 0xC0, 0x0F, 0xFE, 0x00,
  0x1F, 0xFC, 0x03, 0xFF, 0x80, 0x03, 0xFF, 0xC0, 0x7F, 0xF0, 0x00, 0x3F,
  0xF8, 0x1F, 0xFC, 0x00, 0x03, 0xFF, 0x83, 0xFF, 0x00, 0x00, 0x7F, 0xF0,
  0xFF, 0xE0, 0x00, 0x07, 0xFF, 0x1F, 0xF8, 0x00, 0x00, 0x7F, 0xF7, 0xFF,
  0x00, 0x00, 0x0F, 0xFF, 0xFF, 0xC0, 0x00, 0x00, 0xFF, 0xFF, 0xF0, 0x00,
  0x00, 0x0F, 0xFF, 0xFE, 0x00, 0x00, 0x01, 0xFF, 0xFF, 0x80, 0x00, 0x00,
  0x1F, 0xFF, 0xE0, 0x00, 0x00, 0x01, 0xFF, 0xFC, 0x00, 0x00, 0x00, 0x3F,
  0xFF, 0x00, 0x00, 0x00, 0x03, 0xFF, 0xC0, 0x00, 0x00, 0x00, 0x7F, 0xFC,
  0x00, 0x00, 0x00, 0x1F, 0xFF, 0xC0, 0x00, 0x00, 0x03, 0xFF, 0xF8, 0x00,
  0x00, 0x00, 0xFF, 0xFF, 0x80, 0x00, 0x00, 0x3F, 0xFF, 0xF8, 0x00, 0x00,
  0x07, 0xFF, 0xFF, 0x00, 0x00, 0x01, 0xFF, 0xFF, 0xF0, 0x00, 0x00, 0x7F,
  0xF7, 0xFF, 0x00, 0x00, 0x0F, 0xFE, 0xFF, 0xE0, 0x00, 0x03, 0xFF, 0x8F,
  0xFE, 0x00, 0x00, 0xFF, 0xE1, 0xFF, 0xE0, 0x00, 0x1F, 0xFC, 0x1F, 0xFE,
  0x00, 0x07, 0xFF, 0x01, 0xFF, 0xC0, 0x01, 0xFF, 0xE0, 0x3F, 0xFC, 0x00,
  0x7F, 0xF8, 0x03, 0xFF, 0xC0, 0x0F, 0xFE, 0x00, 0x3F, 0xF8, 0x03, 0xFF,
  0xC0, 0x07, 0xFF, 0x80, 0xFF, 0xF0, 0x00, 0x7F, 0xF8, 0x1F, 0xFE, 0x00,
  0x07, 0xFF, 0x87, 0xFF, 0x80, 0x00, 0xFF, 0xF1, 0xFF, 0xE0, 0x00, 0x0F,
  0xFF, 0x7F, 0xFC, 0x00, 0x00, 0xFF, 0xF0, 0x3F, 0xFE, 0x00, 0x00, 0x7F,
  0xF3, 0xFF, 0xE0, 0x00, 0x07, 0xFE, 0x1F, 0xFC, 0x00, 0x00, 0x7F, 0xE1,
  0xFF, 0xC0, 0x00, 0x07, 0xFE, 0x0F, 0xFE, 0x00, 0x00, 0xFF, 0xC0, 0xFF,
  0xE0, 0x00, 0x0F, 0xFC, 0x0F, 0xFE, 0x00, 0x00, 0xFF, 0xC0, 0x7F, 0xF0,
  0x00, 0x0F, 0xF8, 0x07, 0xFF, 0x00, 0x01, 0xFF, 0x80, 0x7F, 0xF0, 0x00,
  0x1F, 0xF8, 0x03, 0xFF, 0x80, 0x01, 0xFF, 0x80, 0x3F, 0xF8, 0x00, 0x1F,
  0xF0, 0x01, 0xFF, 0x80, 0x03, 0xFF, 0x00, 0x1F, 0xFC, 0x00, 0x3F, 0xE0,
  0x01, 0xFF, 0xC0, 0x03, 0xFE, 0x00, 0x0F, 0xFC, 0x00, 0x7F, 0xE0, 0x00,
  0xFF, 0xE0, 0x07, 0xFC, 0x00, 0x0F, 0xFE, 0x00, 0x7F, 0xC0, 0x00, 0x7F,
  0xF0, 0x0F, 0xFC, 0x00, 0x07, 0xFF, 0x00, 0xFF, 0x80, 0x00, 0x3F, 0xF0,
  0x0F, 0xF8, 0x00, 0x03, 0xFF, 0x81, 0xFF, 0x80, 0x00, 0x3F, 0xF8, 0x1F,
  0xF0, 0x00, 0x01, 0xFF, 0x81, 0xFF, 0x00, 0x00, 0x1F, 0xFC, 0x3F, 0xE0,
  0x00, 0x01, 0xFF, 0xC3, 0xFE, 0x00, 0x00, 0x0F, 0xFC, 0x7F, 0xE0, 0x00,
  0x00, 0xFF, 0xE7, 0xFC, 0x00, 0x00, 0x07, 0xFE, 0x7F, 0xC0, 0x00, 0x00,
  0x7F, 0xEF, 0xF8, 0x00, 0x00, 0x07, 0xFF, 0xFF, 0x80, 0x00, 0x00, 0x3F,
  0xFF, 0xF8, 0x00, 0x00, 0x03, 0xFF, 0xFF, 0x00, 0x00, 0x00, 0x3F, 0xFF,
  0xF0, 0x00, 0x00, 0x01, 0xFF, 0xFF, 0x00, 0x00, 0x00, 0x1F, 0xFF, 0xE0,
  0x00, 0x00, 0x00, 0xFF, 0xFE, 0x00, 0x00, 0x00, 0x0F, 0xFF, 0xC0, 0x00,
  0x00, 0x00, 0xFF, 0xFC, 0x00, 0x00, 0x00, 0x07, 0xFF, 0xC0, 0x00, 0x00,
  0x00, 0x7F, 0xF8, 0x00, 0x00, 0x00, 0x03, 0xFF, 0x80, 0x00, 0x00, 0x00,
  0x3F, 0xF8, 0x00, 0x00, 0x00, 0x03, 0xFF, 0x00, 0x00, 0x00, 0x00, 0x3F,
  0xF0, 0x00, 0x00, 0x00, 0x03, 0xFE, 0x00, 0x00, 0x00, 0x00, 0x7F, 0xE0,
  0x00, 0x00, 0x40, 0x07, 0xFE, 0x00, 0x00, 0x0C, 0x00, 0xFF, 0xC0, 0x00,
  0x00, 0xE0, 0x0F, 0xFC, 0x00, 0x00, 0x1E, 0x01, 0xFF, 0x80, 0x00, 0x01,
  0xF0, 0x3F, 0xF8, 0x00, 0x00, 0x3F, 0xFF, 0xFF, 0x80, 0x00, 0x03, 0xFF,
  0xFF, 0xF0, 0x00, 0x00, 0x7F, 0xFF, 0xFE, 0x00, 0x00, 0x0F, 0xFF, 0xFF,
  0xE0, 0x00, 0x00, 0xFF, 0xFF, 0xFC, 0x00, 0x00, 0x03, 0xFF, 0xFF, 0x80,
  0x00, 0x00, 0x1F, 0xFF, 0xF0, 0x00, 0x00, 0x00, 0x7F, 0xFC, 0x00, 0x00,
  0x00, 0x00, 0xFF, 0x00, 0x00, 0x00, 0x00, 0x3F, 0xFF, 0xFF, 0xFF, 0xF8,
  0x7F, 0xFF, 0xFF, 0xFF, 0xF0, 0xFF, 0xFF, 0xFF, 0xFF, 0xE1, 0xFF, 0xFF,
  0xFF, 0xFF, 0xC3, 0xFF, 0xFF, 0xFF, 0xFF, 0x87, 0xFF, 0xFF, 0xFF, 0xFF,
  0x0F, 0xFF, 0xFF, 0xFF, 0xFE, 0x1F, 0xFF, 0xFF, 0xFF, 0xF8, 0x3F, 0xFF,
  0xFF, 0xFF, 0xE0, 0x00, 0x00, 0x07, 0xFF, 0x80, 0x00, 0x00, 0x1F, 0xFE,
  0x00, 0x00, 0x00, 0x7F, 0xFC, 0x00, 0x00, 0x00, 0xFF, 0xF0, 0x00, 0x00,
  0x03, 0xFF, 0xC0, 0x00, 0x00, 0x0F, 0xFF, 0x00, 0x00, 0x00, 0x3F, 0xFC,
  0x00, 0x00, 0x00, 0xFF, 0xF8, 0x00, 0x00, 0x03, 0xFF, 0xE0, 0x00, 0x00,
  0x07, 0xFF, 0x80, 0x00, 0x00, 0x1F, 0xFE, 0x00, 0x00, 0x00, 0x7F, 0xF8,
  0x00, 0x00, 0x01, 0xFF, 0xF0, 0x00, 0x00, 0x07, 0xFF, 0xC0, 0x00, 0x00,
  0x1F, 0xFF, 0x00, 0x00, 0x00, 0x3F, 0xFC, 0x00, 0x00, 0x00, 0xFF, 0xF0,
  0x00, 0x00, 0x03, 0xFF, 0xE0, 0x00, 0x00, 0x0F, 0xFF, 0x80, 0x00, 0x00,
  0x3F, 0xFE, 0x00, 0x00, 0x00, 0x7F, 0xF8, 0x00, 0x00, 0x01, 0xFF, 0xE0,
  0x00, 0x00, 0x07, 0xFF, 0x80, 0x00, 0x00, 0x1F, 0xFF, 0x00, 0x00, 0x00,
  0x7F, 0xFC, 0x00, 0x00, 0x1D, 0xFF, 0xFF, 0xFF, 0xFF, 0xFB, 0xFF, 0xFF,
  0xFF, 0xFF, 0xFF, 0xFF, 0xFF, 0xFF, 0xFF, 0xFF, 0xFF, 0xFF, 0xFF, 0xFF,
  0xFF, 0xFF, 0xFF, 0xFF, 0xFF, 0xFF, 0xFF, 0xFF, 0xFF, 0xFF, 0xFF, 0xFF,
  0xFF, 0xFF, 0xFF, 0xFF, 0xFF, 0xFF, 0xFF, 0xFF, 0xFF, 0xFF, 0xFF, 0xFF,
  0xF8, 0x00, 0x00, 0x03, 0xFF, 0xE0, 0x00, 0x03, 0xFF, 0xFC, 0x00, 0x03,
  0xFF, 0xFF, 0x80, 0x00, 0xFF, 0xFF, 0xF0, 0x00, 0x3F, 0xFF, 0xFE, 0x00,
  0x0F, 0xFF, 0xFF, 0xC0, 0x03, 0xFF, 0xFF, 0xF8, 0x00, 0x7F, 0xFF, 0xFF,
  0x00, 0x1F, 0xFF, 0xFF, 0xE0, 0x03, 0xFF, 0x80, 0x00, 0x00, 0xFF, 0xE0,
  0x00, 0x00, 0x1F, 0xFC, 0x00, 0x00, 0x03, 0xFF, 0x80, 0x00, 0x00, 0x7F,
  0xE0, 0x00, 0x00, 0x0F, 0xFC, 0x00, 0x00, 0x01, 0xFF, 0x80, 0x00, 0x00,
  0x3F, 0xF0, 0x00, 0x00, 0x07, 0xFE, 0x00, 0x00, 0x00, 0xFF, 0xC0, 0x00,
  0x00, 0x1F, 0xF8, 0x00, 0x00, 0x03, 0xFF, 0x00, 0x00, 0x00, 0x7F, 0xE0,
  0x00, 0x00, 0x0F, 0xFC, 0x00, 0x00, 0x01, 0xFF, 0x80, 0x00, 0x00, 0x3F,
  0xF0, 0x00, 0x00, 0x07, 0xFE, 0x00, 0x00, 0x00, 0xFF, 0xC0, 0x00, 0x00,
  0x1F, 0xF8, 0x00, 0x00, 0x07, 0xFE, 0x00, 0x00, 0x00, 0xFF, 0xC0, 0x00,
  0x00, 0x3F, 0xF8, 0x00, 0x00, 0x0F, 0xFE, 0x00, 0x00, 0xFF, 0xFF, 0x80,
  0x00, 0x1F, 0xFF, 0xF0, 0x00, 0x03, 0xFF, 0xFC, 0x00, 0x00, 0x7F, 0xFF,
  0x00, 0x00, 0x0F, 0xFF, 0xC0, 0x00, 0x01, 0xFF, 0xFC, 0x00, 0x00, 0x3F,
  0xFF, 0xC0, 0x00, 0x07, 0xFF, 0xFC, 0x00, 0x00, 0xFF, 0xFF, 0xC0, 0x00,
  0x00, 0x1F, 0xF8, 0x00, 0x00, 0x03, 0xFF, 0x80, 0x00, 0x00, 0x3F, 0xF0,
  0x00, 0x00, 0x07, 0xFE, 0x00, 0x00, 0x00, 0xFF, 0xE0, 0x00, 0x00, 0x0F,
  0xFC, 0x00, 0x00, 0x01, 0xFF, 0x80, 0x00, 0x00, 0x3F, 0xF0, 0x00, 0x00,
  0x07, 0xFE, 0x00, 0x00, 0x00, 0xFF, 0xC0, 0x00, 0x00, 0x1F, 0xF8, 0x00,
  0x00, 0x03, 0xFF, 0x00, 0x00, 0x00, 0xFF, 0xE0, 0x00, 0x00, 0x1F, 0xFC,
  0x00, 0x00, 0x03, 0xFF, 0x80, 0x00, 0x00, 0x7F, 0xF0, 0x00, 0x00, 0x0F,
  0xFE, 0x00, 0x00, 0x01, 0xFF, 0xC0, 0x00, 0x00, 0x3F, 0xF8, 0x00, 0x00,
  0x07, 0xFF, 0x00, 0x00, 0x00, 0x7F, 0xE0, 0x00, 0x00, 0x0F, 0xFE, 0x00,
  0x00, 0x01, 0xFF, 0xC0, 0x00, 0x00, 0x3F, 0xFC, 0x00, 0x00, 0x03, 0xFF,
  0xC0, 0x00, 0x00, 0x7F, 0xFF, 0xFF, 0x80, 0x0F, 0xFF, 0xFF, 0xF0, 0x00,
  0xFF, 0xFF, 0xFE, 0x00, 0x0F, 0xFF, 0xFF, 0xC0, 0x01, 0xFF, 0xFF, 0xF8,
  0x00, 0x1F, 0xFF, 0xFF, 0x00, 0x00, 0xFF, 0xFF, 0xE0, 0x00, 0x07, 0xFF,
  0xFC, 0x00, 0x00, 0x0F, 0xFF, 0x80, 0xFF, 0xFF, 0xFF, 0xFF, 0xFF, 0xFF,
  0xFF, 0xFF, 0xFF, 0xFF, 0xFF, 0xFF, 0xFF, 0xFF, 0xFF, 0xFF, 0xFF, 0xFF,
  0xFF, 0xFF, 0xFF, 0xFF, 0xFF, 0xFF, 0xFF, 0xFF, 0xFF, 0xFF, 0xFF, 0xFF,
  0xFF, 0xFF, 0xFF, 0xFF, 0xFF, 0xFF, 0xFF, 0xFF, 0xFF, 0xFF, 0xFF, 0xFF,
  0xFF, 0xFF, 0xFF, 0xFF, 0xFF, 0xFF, 0xFF, 0xFF, 0xFF, 0xFF, 0xFF, 0xFF,
  0xFF, 0xFF, 0xFF, 0xFF, 0xFF, 0xFF, 0xFF, 0xFF, 0xFF, 0xFF, 0xFF, 0xFF,
  0xFF, 0xFF, 0xFF, 0xFF, 0xFF, 0xFF, 0xFF, 0xFF, 0xFF, 0xFF, 0xFF, 0xFF,
  0xFF, 0xFF, 0xFF, 0xFF, 0xFF, 0xFF, 0xFF, 0xFF, 0xFF, 0xFF, 0xFF, 0xFF,
  0xFF, 0xFF, 0xFF, 0xFF, 0xFF, 0xFF, 0xFF, 0xFF, 0xFF, 0xFF, 0xFF, 0xFF,
  0xFF, 0xFF, 0xF0, 0xFF, 0xF8, 0x00, 0x00, 0x1F, 0xFF, 0xF0, 0x00, 0x03,
  0xFF, 0xFF, 0x80, 0x00, 0x7F, 0xFF, 0xF8, 0x00, 0x0F, 0xFF, 0xFF, 0x80,
  0x01, 0xFF, 0xFF, 0xF8, 0x00, 0x3F, 0xFF, 0xFF, 0x80, 0x07, 0xFF, 0xFF,
  0xF0, 0x00, 0xFF, 0xFF, 0xFF, 0x00, 0x00, 0x00, 0xFF, 0xE0, 0x00, 0x00,
  0x0F, 0xFE, 0x00, 0x00, 0x01, 0xFF, 0xC0, 0x00, 0x00, 0x1F, 0xF8, 0x00,
  0x00, 0x03, 0xFF, 0x00, 0x00, 0x00, 0x7F, 0xE0, 0x00, 0x00, 0x0F, 0xFC,
  0x00, 0x00, 0x01, 0xFF, 0x80, 0x00, 0x00, 0x3F, 0xF0, 0x00, 0x00, 0x07,
  0xFE, 0x00, 0x00, 0x00, 0xFF, 0xC0, 0x00, 0x00, 0x1F, 0xF8, 0x00, 0x00,
  0x03, 0xFF, 0x00, 0x00, 0x00, 0x7F, 0xE0, 0x00, 0x00, 0x0F, 0xFC, 0x00,
  0x00, 0x01, 0xFF, 0x80, 0x00, 0x00, 0x3F, 0xF0, 0x00, 0x00, 0x07, 0xFE,
  0x00, 0x00, 0x00, 0xFF, 0xE0, 0x00, 0x00, 0x0F, 0xFC, 0x00, 0x00, 0x01,
  0xFF, 0x80, 0x00, 0x00, 0x3F, 0xF8, 0x00, 0x00, 0x03, 0xFF, 0x80, 0x00,
  0x00, 0x3F, 0xFF, 0xE0, 0x00, 0x07, 0xFF, 0xFC, 0x00, 0x00, 0x7F, 0xFF,
  0x80, 0x00, 0x07, 0xFF, 0xF0, 0x00, 0x00, 0x7F, 0xFE, 0x00, 0x00, 0x1F,
  0xFF, 0xC0, 0x00, 0x07, 0xFF, 0xF8, 0x00, 0x01, 0xFF, 0xFF, 0x00, 0x00,
  0x7F, 0xFF, 0xE0, 0x00, 0x0F, 0xFC, 0x00, 0x00, 0x03, 0xFF, 0x80, 0x00,
  0x00, 0x7F, 0xE0, 0x00, 0x00, 0x0F, 0xFC, 0x00, 0x00, 0x03, 0xFF, 0x80,
  0x00, 0x00, 0x7F, 0xF0, 0x00, 0x00, 0x0F, 0xFC, 0x00, 0x00, 0x01, 0xFF,
  0x80, 0x00, 0x00, 0x3F, 0xF0, 0x00, 0x00, 0x07, 0xFF, 0x00, 0x00, 0x00,
  0xFF, 0xE0, 0x00, 0x00, 0x1F, 0xFC, 0x00, 0x00, 0x03, 0xFF, 0x80, 0x00,
  0x00, 0x7F, 0xF0, 0x00, 0x00, 0x0F, 0xFE, 0x00, 0x00, 0x01, 0xFF, 0xC0,
  0x00, 0x00, 0x3F, 0xF8, 0x00, 0x00, 0x07, 0xFF, 0x00, 0x00, 0x00, 0xFF,
  0xE0, 0x00, 0x00, 0x1F, 0xFC, 0x00, 0x00, 0x03, 0xFF, 0x00, 0x00, 0x00,
  0xFF, 0xE0, 0x00, 0x00, 0x1F, 0xFC, 0x00, 0x00, 0x07, 0xFF, 0x80, 0x00,
  0x01, 0xFF, 0xF0, 0x03, 0xFF, 0xFF, 0xFC, 0x00, 0x7F, 0xFF, 0xFF, 0x80,
  0x0F, 0xFF, 0xFF, 0xE0, 0x01, 0xFF, 0xFF, 0xF8, 0x00, 0x3F, 0xFF, 0xFF,
  0x00, 0x07, 0xFF, 0xFF, 0xC0, 0x00, 0xFF, 0xFF, 0xE0, 0x00, 0x1F, 0xFF,
  0xF0, 0x00, 0x03, 0xFF, 0xE0, 0x00, 0x00, 0x00, 0x00, 0x1F, 0x80, 0x00,
  0x10, 0x00, 0x1F, 0xF8, 0x00, 0x06, 0x00, 0x1F, 0xFF, 0x80, 0x03, 0xC0,
  0x1F, 0xFF, 0xF0, 0x01, 0xF8, 0x0F, 0xFF, 0xFE, 0x00, 0xFF, 0x07, 0xFF,
  0xFF, 0xE0, 0x7F, 0xF3, 0xFF, 0xFF, 0xFC, 0x3F, 0xFD, 0xFF, 0xFF, 0xFF,
  0xFF, 0xFE, 0x7F, 0xFF, 0xFF, 0xFF, 0xFF, 0xBF, 0xFC, 0x3F, 0xFF, 0xFF,
  0xCF, 0xFE, 0x03, 0xFF, 0xFF, 0xE0, 0xFF, 0x00, 0x7F, 0xFF, 0xF0, 0x1F,
  0x80, 0x0F, 0xFF, 0xF8, 0x01, 0xC0, 0x01, 0xFF, 0xF8, 0x00, 0x30, 0x00,
  0x1F, 0xFC, 0x00, 0x00, 0x00, 0x01, 0xFC, 0x00 };

const GFXglyph inconsolata_bold48pt7bGlyphs[] PROGMEM = {
  {     0,   1,   1,  47,    0,    0 },   // 0x20 ' '
  {     1,  15,  65,  47,   15,  -63 },   // 0x21 '!'
  {   123,  31,  26,  47,    8,  -64 },   // 0x22 '"'
  {   224,  43,  58,  47,    2,  -58 },   // 0x23 '#'
  {   536,  39,  66,  47,    5,  -61 },   // 0x24 '$'
  {   858,  45,  61,  47,    1,  -59 },   // 0x25 '%'
  {  1202,  43,  61,  47,    3,  -58 },   // 0x26 '&'
  {  1530,  14,  26,  47,   17,  -64 },   // 0x27 '''
  {  1576,  30,  80,  47,   11,  -62 },   // 0x28 '('
  {  1876,  30,  80,  47,    6,  -62 },   // 0x29 ')'
  {  2176,  41,  40,  47,    3,  -49 },   // 0x2A '*'
  {  2381,  40,  40,  47,    4,  -49 },   // 0x2B '+'
  {  2581,  16,  27,  47,   14,  -11 },   // 0x2C ','
  {  2635,  35,   9,  47,    6,  -34 },   // 0x2D '-'
  {  2675,  14,  13,  47,   16,  -11 },   // 0x2E '.'
  {  2698,  37,  67,  47,    5,  -62 },   // 0x2F '/'
  {  3008,  41,  62,  47,    3,  -59 },   // 0x30 '0'
  {  3326,  23,  59,  47,    7,  -58 },   // 0x31 '1'
  {  3496,  37,  60,  47,    5,  -59 },   // 0x32 '2'
  {  3774,  38,  62,  47,    4,  -59 },   // 0x33 '3'
  {  4069,  41,  60,  47,    4,  -58 },   // 0x34 '4'
  {  4377,  38,  61,  47,    5,  -58 },   // 0x35 '5'
  {  4667,  38,  62,  47,    5,  -59 },   // 0x36 '6'
  {  4962,  35,  59,  47,    6,  -58 },   // 0x37 '7'
  {  5221,  39,  62,  47,    4,  -59 },   // 0x38 '8'
  {  5524,  38,  62,  47,    4,  -59 },   // 0x39 '9'
  {  5819,  14,  42,  47,   15,  -40 },   // 0x3A ':'
  {  5893,  17,  57,  47,   13,  -40 },   // 0x3B ';'
  {  6015,  41,  51,  47,    3,  -54 },   // 0x3C '<'
  {  6277,  40,  28,  47,    4,  -43 },   // 0x3D '='
  {  6417,  42,  51,  47,    3,  -54 },   // 0x3E '>'
  {  6685,  37,  65,  47,    5,  -63 },   // 0x3F '?'
  {  6986,  42,  61,  47,    2,  -59 },   // 0x40 '@'
  {  7307,  47,  60,  47,    0,  -59 },   // 0x41 'A'
  {  7660,  40,  59,  47,    4,  -58 },   // 0x42 'B'
  {  7955,  43,  62,  47,    3,  -59 },   // 0x43 'C'
  {  8289,  41,  59,  47,    4,  -58 },   // 0x44 'D'
  {  8592,  38,  59,  47,    5,  -58 },   // 0x45 'E'
  {  8873,  37,  59,  47,    6,  -58 },   // 0x46 'F'
  {  9146,  42,  62,  47,    2,  -59 },   // 0x47 'G'
  {  9472,  40,  59,  47,    4,  -58 },   // 0x48 'H'
  {  9767,  34,  59,  47,    7,  -58 },   // 0x49 'I'
  { 10018,  42,  60,  47,    2,  -57 },   // 0x4A 'J'
  { 10333,  44,  60,  47,    4,  -59 },   // 0x4B 'K'
  { 10663,  37,  59,  47,    6,  -58 },   // 0x4C 'L'
  { 10936,  42,  59,  47,    3,  -58 },   // 0x4D 'M'
  { 11246,  42,  59,  47,    3,  -58 },   // 0x4E 'N'
  { 11556,  43,  62,  47,    2,  -59 },   // 0x4F 'O'
  { 11890,  39,  59,  47,    5,  -58 },   // 0x50 'P'
  { 12178,  43,  74,  47,    2,  -59 },   // 0x51 'Q'
  { 12576,  42,  59,  47,    4,  -57 },   // 0x52 'R'
  { 12886,  40,  62,  47,    3,  -59 },   // 0x53 'S'
  { 13196,  43,  59,  47,    2,  -58 },   // 0x54 'T'
  { 13514,  41,  60,  47,    3,  -58 },   // 0x55 'U'
  { 13822,  46,  59,  47,    1,  -58 },   // 0x56 'V'
  { 14162,  46,  59,  47,    1,  -58 },   // 0x57 'W'
  { 14502,  44,  59,  47,    2,  -58 },   // 0x58 'X'
  { 14827,  46,  59,  47,    1,  -58 },   // 0x59 'Y'
  { 15167,  41,  59,  47,    4,  -58 },   // 0x5A 'Z'
  { 15470,  29,  72,  47,   11,  -63 },   // 0x5B '['
  { 15731,  37,  67,  47,    5,  -62 },   // 0x5C '\'
  { 16041,  29,  72,  47,    7,  -63 },   // 0x5D ']'
  { 16302,  32,  28,  47,    7,  -58 },   // 0x5E '^'
  { 16414,  41,   9,  47,    3,    2 },   // 0x5F '_'
  { 16461,  19,  25,  47,   11,  -64 },   // 0x60 '`'
  { 16521,  38,  47,  47,    4,  -44 },   // 0x61 'a'
  { 16745,  39,  66,  47,    5,  -63 },   // 0x62 'b'
  { 17067,  39,  46,  47,    4,  -44 },   // 0x63 'c'
  { 17292,  40,  66,  47,    3,  -63 },   // 0x64 'd'
  { 17622,  40,  47,  47,    3,  -44 },   // 0x65 'e'
  { 17857,  42,  65,  47,    6,  -64 },   // 0x66 'f'
  { 18199,  43,  62,  47,    3,  -44 },   // 0x67 'g'
  { 18533,  36,  64,  47,    6,  -63 },   // 0x68 'h'
  { 18821,  31,  65,  47,    9,  -63 },   // 0x69 'i'
  { 19073,  34,  82,  47,    3,  -64 },   // 0x6A 'j'
  { 19422,  41,  64,  47,    6,  -63 },   // 0x6B 'k'
  { 19750,  35,  64,  47,    6,  -63 },   // 0x6C 'l'
  { 20030,  42,  46,  47,    3,  -44 },   // 0x6D 'm'
  { 20272,  36,  45,  47,    6,  -44 },   // 0x6E 'n'
  { 20475,  41,  47,  47,    3,  -44 },   // 0x6F 'o'
  { 20716,  39,  61,  47,    5,  -44 },   // 0x70 'p'
  { 21014,  39,  61,  47,    3,  -44 },   // 0x71 'q'
  { 21312,  36,  45,  47,    8,  -44 },   // 0x72 'r'
  { 21515,  38,  47,  47,    4,  -44 },   // 0x73 's'
  { 21739,  38,  57,  47,    5,  -55 },   // 0x74 't'
  { 22010,  37,  46,  47,    5,  -43 },   // 0x75 'u'
  { 22223,  42,  44,  47,    2,  -43 },   // 0x76 'v'
  { 22454,  45,  44,  47,    1,  -43 },   // 0x77 'w'
  { 22702,  43,  44,  47,    2,  -43 },   // 0x78 'x'
  { 22939,  44,  61,  47,    1,  -43 },   // 0x79 'y'
  { 23275,  39,  43,  47,    4,  -43 },   // 0x7A 'z'
  { 23485,  35,  75,  47,    4,  -58 },   // 0x7B '{'
  { 23814,  11,  76,  47,   18,  -61 },   // 0x7C '|'
  { 23919,  35,  75,  47,    8,  -58 },   // 0x7D '}'
  { 24248,  42,  16,  47,    3,  -45 } }; // 0x7E '~'

const GFXfont inconsolata_bold48pt7b PROGMEM = {
  (uint8_t  *)inconsolata_bold48pt7bBitmaps,
  (GFXglyph *)inconsolata_bold48pt7bGlyphs,
  0x20, 0x7E, 99 };

// Approx. 25004 bytes
